Country Name,Country Code,Indicator Name,Indicator Code,1960,1961,1962,1963,1964,1965,1966,1967,1968,1969,1970,1971,1972,1973,1974,1975,1976,1977,1978,1979,1980,1981,1982,1983,1984,1985,1986,1987,1988,1989,1990,1991,1992,1993,1994,1995,1996,1997,1998,1999,2000,2001,2002,2003,2004,2005,2006,2007,2008,2009,2010,2011,2012,2013,2014,2015,2016,2017,2018,2019,2020,2021,2022
Aruba,ABW,"Stocks traded, turnover ratio of domestic shares (%)",CM.MKT.TRNR,,,,,,,,,,,,,,,,,,,,,,,,,,,,,,,,,,,,,,,,,,,,,,,,,,,,,,,,,,,,,,,
Africa Eastern and Southern,AFE,"Stocks traded, turnover ratio of domestic shares (%)",CM.MKT.TRNR,,,,,,,,,,,,,,,,,3.771558343,3.477915445,3.535326279,4.728056358,9.293216529,3.476876884,3.331916042,4.127173131,3.432153912,4.382529841,5.050733143,7.132591259,3.491194452,5.087504931,6.02461249,4.373851884,4.41501093,3.64562399,5.166612474,5.715458876,10.99165192,18.34479029,31.45351341,27.50315934,34.23721972,23.69216645,25.8487492,18.53047315,18.65064273,19.98250986,24.02498595,30.54028224,41.0251062,26.61532084,29.44260235,28.14985986,24.80943858,24.45206444,26.11154384,31.55309453,38.07220404,25.57153583,33.81969662,32.78285603,27.18522485,,
Afghanistan,AFG,"Stocks traded, turnover ratio of domestic shares (%)",CM.MKT.TRNR,,,,,,,,,,,,,,,,,,,,,,,,,,,,,,,,,,,,,,,,,,,,,,,,,,,,,,,,,,,,,,,
Africa Western and Central,AFW,"Stocks traded, turnover ratio of domestic shares (%)",CM.MKT.TRNR,,,,,,,,,,,,,,,,,,,,,,,,,,,,,,,,,,,4.772971068,1.210716705,2.412058999,3.94204645,5.729244243,3.958366948,4.779718543,2.146453206,1.658740731,2.825054002,5.357218033,8.03539859,10.00321594,18.38163426,30.86823651,11.97270543,8.840410601,8.830991041,,,7.505260739,7.467633888,5.338494773,5.867925418,8.204811877,5.407140883,4.387436023,,
Angola,AGO,"Stocks traded, turnover ratio of domestic shares (%)",CM.MKT.TRNR,,,,,,,,,,,,,,,,,,,,,,,,,,,,,,,,,,,,,,,,,,,,,,,,,,,,,,,,,,,,,,,
Albania,ALB,"Stocks traded, turnover ratio of domestic shares (%)",CM.MKT.TRNR,,,,,,,,,,,,,,,,,,,,,,,,,,,,,,,,,,,,,,,,,,,,,,,,,,,,,,,,,,,,,,,
Andorra,AND,"Stocks traded, turnover ratio of domestic shares (%)",CM.MKT.TRNR,,,,,,,,,,,,,,,,,,,,,,,,,,,,,,,,,,,,,,,,,,,,,,,,,,,,,,,,,,,,,,,
Arab World,ARB,"Stocks traded, turnover ratio of domestic shares (%)",CM.MKT.TRNR,,,,,,,,,,,,,,,,,,,,,,,,,,,,,,,,,,,18.55563822,41.63539441,69.96599355,74.67204063,32.66301094,,,5.164352236,7.176321104,8.218200635,55.61584948,68.64858394,41.92303237,34.29876666,72.98403851,50.90743107,42.03839035,50.94026234,85.09934116,58.7393958,76.48686121,57.37655471,44.68492862,30.57058861,27.85971863,9.502050155,18.38978106,,
United Arab Emirates,ARE,"Stocks traded, turnover ratio of domestic shares (%)",CM.MKT.TRNR,,,,,,,,,,,,,,,,,,,,,,,,,,,,,,,,,,,,,,,,,,,,,,,,37.71963764,66.26228305,47.59888244,21.07955723,16.00864855,17.71656815,,71.0393205,29.40579539,23.2010641,19.03003866,10.99063676,11.85132671,12.7222478,,
Argentina,ARG,"Stocks traded, turnover ratio of domestic shares (%)",CM.MKT.TRNR,,,,,,,,,,,,,,,,,,28.70870871,19.60565891,34.06360391,28.19287466,13.18192561,24.96659472,12.67411581,21.63662766,23.30302628,15.03648809,10.15280687,167.3913043,12.38543155,22.14947584,24.4032361,84.51122531,112.9592097,306.0389723,84.43729029,70.04218843,64.48176724,57.49580877,21.24029367,19.95148709,19.95566739,7.052139279,8.371315362,11.21216085,11.04798667,6.611985567,8.489550406,8.375332117,3.302180154,3.981846913,5.631761879,4.268429926,4.213009787,5.857001193,4.809544483,5.32936562,5.359157688,9.940348117,7.5732,,,
Armenia,ARM,"Stocks traded, turnover ratio of domestic shares (%)",CM.MKT.TRNR,,,,,,,,,,,,,,,,,,,,,,,,,,,,,,,,,,,,,,,,,,,,,,,,,,,,,,,,,,,,,,,
American Samoa,ASM,"Stocks traded, turnover ratio of domestic shares (%)",CM.MKT.TRNR,,,,,,,,,,,,,,,,,,,,,,,,,,,,,,,,,,,,,,,,,,,,,,,,,,,,,,,,,,,,,,,
Antigua and Barbuda,ATG,"Stocks traded, turnover ratio of domestic shares (%)",CM.MKT.TRNR,,,,,,,,,,,,,,,,,,,,,,,,,,,,,,,,,,,,,,,,,,,,,,,,,,,,,,,,,,,,,,,
Australia,AUS,"Stocks traded, turnover ratio of domestic shares (%)",CM.MKT.TRNR,,,,,,,,,,,,,,,,,,,,5.149059562,8.293151614,14.32186489,11.85179138,17.27513072,20.24134369,25.69532279,18.99497703,37.25177705,29.76095424,31.02803598,37.23142526,31.53599645,31.11676971,32.63183317,45.50217876,40.04486532,46.39184545,50.78743614,47.28493258,46.4684359,57.19596072,64.1297026,76.54721156,72.01508091,70.18552072,76.20128196,78.38093543,105.772451,122.7911773,66.683166,77.78237778,94.18250355,65.30267105,57.67975553,54.58844241,63.2336623,59.78428378,53.64428927,61.29448392,56.0787,71.26557297,,
Austria,AUT,"Stocks traded, turnover ratio of domestic shares (%)",CM.MKT.TRNR,,,,,,,,,,,,,,,,5.153806509,6.399829338,4.966642952,0.48712165,4.384025227,5.38340806,5.323213124,4.84208574,8.677158656,7.632817075,17.42300437,17.96174191,17.4302277,19.83635617,108.0247542,219.1181527,31.71794205,24.08927731,25.10143631,30.44073565,42.46224525,32.39395136,32.78533495,694.4284626,35.77260663,32.28892255,29.01757038,19.37954853,21.29387527,29.53838207,34.31891922,43.04096414,54.61455246,128.6392873,45.15386969,38.75097237,45.48855206,22.29372676,22.5441677,29.67162112,33.02784635,32.8323155,26.26797596,33.75956028,25.1543,30.11707389,,
Azerbaijan,AZE,"Stocks traded, turnover ratio of domestic shares (%)",CM.MKT.TRNR,,,,,,,,,,,,,,,,,,,,,,,,,,,,,,,,,,,,,,,,,,,,,,,,,,,,,,,,,,,,,,,
Burundi,BDI,"Stocks traded, turnover ratio of domestic shares (%)",CM.MKT.TRNR,,,,,,,,,,,,,,,,,,,,,,,,,,,,,,,,,,,,,,,,,,,,,,,,,,,,,,,,,,,,,,,
Belgium,BEL,"Stocks traded, turnover ratio of domestic shares (%)",CM.MKT.TRNR,,,,,,,,,,,,,,,,6.40004,7.03187749,6.024488574,5.780688821,7.688807212,7.699821291,7.422710469,12.07658459,12.20483143,11.68874838,10.59539569,12.85931689,19.32741694,14.01352872,11.34290453,11.13214867,9.507379742,12.12200627,13.5380201,15.44404711,14.98309691,18.4150145,20.78884849,24.16056037,27.45928257,21.14426789,22.77798882,29.92220079,23.82879037,27.4861479,36.92537735,34.14043888,60.06171811,114.0517123,47.44173449,39.97303725,45.02443629,33.69604491,30.80389187,28.33301266,,,,,,,,
Benin,BEN,"Stocks traded, turnover ratio of domestic shares (%)",CM.MKT.TRNR,,,,,,,,,,,,,,,,,,,,,,,,,,,,,,,,,,,,,,,,,,,,,,,,,,,,,,,,,,,,,,,
Burkina Faso,BFA,"Stocks traded, turnover ratio of domestic shares (%)",CM.MKT.TRNR,,,,,,,,,,,,,,,,,,,,,,,,,,,,,,,,,,,,,,,,,,,,,,,,,,,,,,,,,,,,,,,
Bangladesh,BGD,"Stocks traded, turnover ratio of domestic shares (%)",CM.MKT.TRNR,,,,,,,,,,,,,,,,,,,,,,,,,,,,,,,,,,3.188967895,10.55985881,7.790387391,11.55508832,20.54463219,49.70584467,62.01307642,42.67578392,26.68915466,,,,6.229827161,6.142102844,8.105570289,12.47061915,11.17730338,11.6241082,4.663435971,,2.415860496,23.09364981,20.78692693,21.75655382,30.75356744,20.85801376,20.37811424,16.61975239,,
Bulgaria,BGR,"Stocks traded, turnover ratio of domestic shares (%)",CM.MKT.TRNR,,,,,,,,,,,,,,,,,,,,,,,,,,,,,,,,,,18.33333333,4.554865424,7.223942208,173.0357143,,101.2402993,5.659088692,3.183825238,85.52311436,22.60129705,6.62119969,16.3394497,15.36646466,18.09458042,31.31057991,14.80616908,5.629035371,5.114311124,3.899918214,,,,,,,,1.0651,1.200361368,,
Bahrain,BHR,"Stocks traded, turnover ratio of domestic shares (%)",CM.MKT.TRNR,,,,,,,,,,,,,,,,,,,,,,,,,,,,,,,,,,,,,3.750405923,6.121380789,8.51485324,6.221538685,3.705118238,2.90173498,,2.7707055,2.301480335,4.044326402,6.538654006,3.85671331,10.44559804,2.867186919,1.433518796,0.941111938,,,3.252742831,1.52739562,1.803047276,2.59372694,4.436292559,2.8262,2.409654711,,
"Bahamas, The",BHS,"Stocks traded, turnover ratio of domestic shares (%)",CM.MKT.TRNR,,,,,,,,,,,,,,,,,,,,,,,,,,,,,,,,,,,,,,,,,,,,,,,,,,,,,,,,,,,,,,,
Bosnia and Herzegovina,BIH,"Stocks traded, turnover ratio of domestic shares (%)",CM.MKT.TRNR,,,,,,,,,,,,,,,,,,,,,,,,,,,,,,,,,,,,,,,,,,,,,,,,,,,,,,,,,,,,,,,
Belarus,BLR,"Stocks traded, turnover ratio of domestic shares (%)",CM.MKT.TRNR,,,,,,,,,,,,,,,,,,,,,,,,,,,,,,,,,,,,,,,,,,,,,,,,,,,,,,,4.3597,1.5805,1.4838,,,,,,
Belize,BLZ,"Stocks traded, turnover ratio of domestic shares (%)",CM.MKT.TRNR,,,,,,,,,,,,,,,,,,,,,,,,,,,,,,,,,,,,,,,,,,,,,,,,,,,,,,,,,,,,,,,
Bermuda,BMU,"Stocks traded, turnover ratio of domestic shares (%)",CM.MKT.TRNR,,,,,,,,,,,,,,,,,,,,,,,,,,,,,,,,,,,,,,,,,6.337371855,8.326817826,4.273107292,1.748543455,3.458884852,3.216803622,5.807222409,5.928724951,5.33380745,2.278358171,6.808690837,1.519872762,1.967852579,3.006134969,1.478007843,0.827567568,8.119752283,1.439611003,2.053735584,0.7672,,,
Bolivia,BOL,"Stocks traded, turnover ratio of domestic shares (%)",CM.MKT.TRNR,,,,,,,,,,,,,,,,,,,,,,,,,,,,,,,,,,,,,,,,,,,,,,,,,,,,,,,,,,,,,,,
Brazil,BRA,"Stocks traded, turnover ratio of domestic shares (%)",CM.MKT.TRNR,,,,,,,,,,,,,,,,,,,,,,,,,,,,,,,,,,,,,,,,,41.58758316,34.62079974,31.06201858,30.04721094,34.41305492,36.00993016,39.34921132,47.12224789,96.26614083,52.93460745,58.75725396,67.12443249,67.7535516,72.48512387,76.33318963,85.61642533,73.5614432,67.01921,83.89786713,87.4818,,,
Barbados,BRB,"Stocks traded, turnover ratio of domestic shares (%)",CM.MKT.TRNR,,,,,,,,,,,,,,,,,,,,,,,,,,,,,,,,,,1.345977363,1.106581246,0.632602417,0.804450597,2.041409692,1.815237042,0.500486243,2.818585082,0.560605236,,,,,,,,,1.536667353,2.565506008,,,,,,,0.316666573,0.4058,0.225145032,,
Brunei Darussalam,BRN,"Stocks traded, turnover ratio of domestic shares (%)",CM.MKT.TRNR,,,,,,,,,,,,,,,,,,,,,,,,,,,,,,,,,,,,,,,,,,,,,,,,,,,,,,,,,,,,,,,
Bhutan,BTN,"Stocks traded, turnover ratio of domestic shares (%)",CM.MKT.TRNR,,,,,,,,,,,,,,,,,,,,,,,,,,,,,,,,,,,,,,,,,,,,,,,,,,,,,,,,,,,,,,,
Botswana,BWA,"Stocks traded, turnover ratio of domestic shares (%)",CM.MKT.TRNR,,,,,,,,,,,,,,,,,,,,,,,,,,,,,,,,,,,11.30795326,9.535187887,8.682014739,9.19780166,9.15105807,3.489610069,,,,,,,,,,,,,,,,,,,,4.4813,,,
Central African Republic,CAF,"Stocks traded, turnover ratio of domestic shares (%)",CM.MKT.TRNR,,,,,,,,,,,,,,,,,,,,,,,,,,,,,,,,,,,,,,,,,,,,,,,,,,,,,,,,,,,,,,,
Canada,CAN,"Stocks traded, turnover ratio of domestic shares (%)",CM.MKT.TRNR,,,,,,,,,,,,,,,,,,3.83289013,5.65361216,7.565525635,9.504952034,,7.95208334,10.93387446,10.26152448,13.31304676,16.97399622,22.99169188,15.39305132,16.44844453,14.85247775,14.41810916,16.53135419,22.39378613,27.12135144,27.30294988,30.11848373,33.44438349,32.96903297,27.11307881,81.53262602,72.48095795,50.46393085,55.65054443,59.99858992,62.8875624,72.74280797,79.80592441,145.3999989,79.46112346,64.71017267,77.05972815,65.44473352,62.61556432,64.14989233,68.80066848,57.55299266,54.08347035,70.88358316,59.4648,38.255,,
Central Europe and the Baltics,CEB,"Stocks traded, turnover ratio of domestic shares (%)",CM.MKT.TRNR,,,,,,,,,,,,,,,,,,,,,,,,,,,,,,,,,,,,30.12717441,47.92550792,49.628251,38.4400281,33.34909986,58.8160201,35.87788117,19.19084869,29.10944855,32.59589588,41.90458661,38.56969629,41.17308093,53.98050488,34.0697446,35.67054537,45.28674572,34.04919327,35.48396753,31.08400724,34.4212413,32.19991255,30.64399234,29.37431485,26.01484959,35.79467997,,
Switzerland,CHE,"Stocks traded, turnover ratio of domestic shares (%)",CM.MKT.TRNR,,,,,,,,,,,,,,,,192.2273576,206.4124709,120.5740151,112.7591997,159.5090701,185.2690346,195.3518853,,287.5799349,325.7376919,255.1524773,101.4760645,329.0289588,276.8764436,242.0671122,254.0833363,38.75600954,37.29292189,69.08442187,89.71745357,80.15960331,103.7275771,93.90793472,99.83879405,68.59768284,80.03096744,111.233152,80.10260678,61.70678099,5.289339294,6.034785471,6.702283803,98.79231796,160.4807743,72.37991287,71.20540067,75.9882314,47.99487521,45.40695185,49.09053027,62.87135789,60.69995467,55.39497875,65.11045737,52.6426,65.33277803,,
Channel Islands,CHI,"Stocks traded, turnover ratio of domestic shares (%)",CM.MKT.TRNR,,,,,,,,,,,,,,,,,,,,,,,,,,,,,,,,,,,,,,,,29.71377749,13.50948722,13.16890553,17.67604574,3.725533319,6.793271839,0.511780251,0.052711963,,,,,,,,,,,,,,,,
Chile,CHL,"Stocks traded, turnover ratio of domestic shares (%)",CM.MKT.TRNR,,,,,,,,,,,,,,,,,,,,,,,,,,,,,,,,6.286213857,5.955829469,5.891389009,7.785852681,15.20135279,1.634695693,10.30949871,8.288736184,9.559104596,9.542361794,7.229870793,5.342083609,8.740353034,11.18807071,14.98284715,15.9456281,21.21205731,21.90486068,16.05063338,16.94719421,18.96733305,14.83821908,15.54854896,11.63189579,10.33588825,11.26748731,12.88580477,17.37453715,18.6098607,21.52681379,,
China,CHN,"Stocks traded, turnover ratio of domestic shares (%)",CM.MKT.TRNR,,,,,,,,,,,,,,,,,,,,,,,,,,,,,,,,,,,,,,,,,,,,75.6370171,114.2445352,97.63954289,101.1817366,140.7822271,219.5352304,219.1559618,205.0166274,195.5971037,135.9666722,194.8772193,199.1579244,480.287296,249.9072891,197.7132556,206.6543987,214.2880017,258.5512704,,
Cote d'Ivoire,CIV,"Stocks traded, turnover ratio of domestic shares (%)",CM.MKT.TRNR,,,,,,,,,,,,,,,,,,,,,,,,,,,,,,,,,,1.564851038,58.88376856,22.56361018,30.5524239,,1.042049034,5.831052558,7.560791144,0.873779503,1.330331404,1.473235118,2.408938569,1.498878842,2.576012091,1.979008256,4.117785657,3.928593005,3.171363431,1.854125581,,3.108339644,3.407056975,4.177129167,5.27361436,,,1.8616,,,
Cameroon,CMR,"Stocks traded, turnover ratio of domestic shares (%)",CM.MKT.TRNR,,,,,,,,,,,,,,,,,,,,,,,,,,,,,,,,,,,,,,,,,,,,,,,,,,,,,,,,,,,,,,,
"Congo, Dem. Rep.",COD,"Stocks traded, turnover ratio of domestic shares (%)",CM.MKT.TRNR,,,,,,,,,,,,,,,,,,,,,,,,,,,,,,,,,,,,,,,,,,,,,,,,,,,,,,,,,,,,,,,
"Congo, Rep.",COG,"Stocks traded, turnover ratio of domestic shares (%)",CM.MKT.TRNR,,,,,,,,,,,,,,,,,,,,,,,,,,,,,,,,,,,,,,,,,,,,,,,,,,,,,,,,,,,,,,,
Colombia,COL,"Stocks traded, turnover ratio of domestic shares (%)",CM.MKT.TRNR,,,,,,,,,,,,,,,,,,,,,,,,,,,,,,,,,,,,,,,,,,,,,,18.90805316,27.78644062,16.91670766,20.55953176,14.12584066,10.88584201,12.8896752,12.2864499,10.06900822,11.73186154,13.4796921,13.01270917,11.32965251,13.15611794,10.5308,9.406086806,,
Comoros,COM,"Stocks traded, turnover ratio of domestic shares (%)",CM.MKT.TRNR,,,,,,,,,,,,,,,,,,,,,,,,,,,,,,,,,,,,,,,,,,,,,,,,,,,,,,,,,,,,,,,
Cabo Verde,CPV,"Stocks traded, turnover ratio of domestic shares (%)",CM.MKT.TRNR,,,,,,,,,,,,,,,,,,,,,,,,,,,,,,,,,,,,,,,,,,,,,,,,,,,,,,,,,,,,,,,
Costa Rica,CRI,"Stocks traded, turnover ratio of domestic shares (%)",CM.MKT.TRNR,,,,,,,,,,,,,,,,,,,,,,,,,,,,,,,,,,3.081232493,,2.551632461,1.726274901,2.097289937,2.47345772,9.024627981,,,,22.07535207,2.411602387,1.450100646,3.289162203,3.285788929,2.858297513,2.13417956,2.861750131,2.457922345,,,4.7683,2.2036,1.2325,1.839,1.9255,1.6505,1.592611293,,
Caribbean small states,CSS,"Stocks traded, turnover ratio of domestic shares (%)",CM.MKT.TRNR,,,,,,,,,,,,,,,,,,,,,,,,,,,,,,,,,,,7.297327439,5.498139027,5.305200941,4.615317914,2.296959886,1.400394765,2.404155486,2.872701653,2.53767167,,,,,,,,,4.01267199,,,,,6.3005,3.6383,3.608751256,4.065142834,0.356489703,,
Cuba,CUB,"Stocks traded, turnover ratio of domestic shares (%)",CM.MKT.TRNR,,,,,,,,,,,,,,,,,,,,,,,,,,,,,,,,,,,,,,,,,,,,,,,,,,,,,,,,,,,,,,,
Curacao,CUW,"Stocks traded, turnover ratio of domestic shares (%)",CM.MKT.TRNR,,,,,,,,,,,,,,,,,,,,,,,,,,,,,,,,,,,,,,,,,,,,,,,,,,,,,,,,,,,,,,,
Cayman Islands,CYM,"Stocks traded, turnover ratio of domestic shares (%)",CM.MKT.TRNR,,,,,,,,,,,,,,,,,,,,,,,,,,,,,,,,,,,,,,,,,,,,,,,1,3.515151515,0.880503145,1.124260355,0.420168067,0.111604201,0.126600575,,,0.1584,,,2.2382,0.9339,0.201763099,,
Cyprus,CYP,"Stocks traded, turnover ratio of domestic shares (%)",CM.MKT.TRNR,,,,,,,,,,,,,,,,,,,,,,,,,,,,,,,,,,,,,,,,,,,,,,,19.4733018,25.88036844,22.4638924,17.15164375,10.86431676,15.74306422,14.76186897,1.958445976,1.404366162,4.861833309,3.219567908,2.449243673,1.682903756,1.3074,0.830357371,,
Czechia,CZE,"Stocks traded, turnover ratio of domestic shares (%)",CM.MKT.TRNR,,,,,,,,,,,,,,,,,,,,,,,,,,,,,,,,,,13.64315257,25.10313769,29.88208808,44.42473031,52.80883711,45.3051974,37.17108589,68.23230893,42.30745635,57.74226164,56.54205999,66.97288646,98.43443335,64.85726513,54.83500328,78.90209191,,,,,,,,,,,14.5577,15.88999609,,
Germany,DEU,"Stocks traded, turnover ratio of domestic shares (%)",CM.MKT.TRNR,,,,,,,,,,,,,,,,20.41828152,19.78464709,20.23313574,22.46818859,18.66657582,19.72867297,21.89309686,21.45704006,37.27095318,34.3348071,48.01805077,58.92281527,194.2691795,137.6510043,95.3112512,152.6781118,118.069419,130.8470633,119.8961399,120.9360932,100.4781963,22.53511298,119.7506352,134.2223996,91.36459353,143.8493765,121.3950372,127.075814,94.27764426,98.89347558,107.1482852,119.1271715,154.6095416,377.2479782,138.3361361,104.5419959,132.8496494,84.09694982,67.79647621,72.99616265,84.19470087,74.92751839,63.57764984,92.07924324,64.3574,79.42217368,,
Djibouti,DJI,"Stocks traded, turnover ratio of domestic shares (%)",CM.MKT.TRNR,,,,,,,,,,,,,,,,,,,,,,,,,,,,,,,,,,,,,,,,,,,,,,,,,,,,,,,,,,,,,,,
Dominica,DMA,"Stocks traded, turnover ratio of domestic shares (%)",CM.MKT.TRNR,,,,,,,,,,,,,,,,,,,,,,,,,,,,,,,,,,,,,,,,,,,,,,,,,,,,,,,,,,,,,,,
Denmark,DNK,"Stocks traded, turnover ratio of domestic shares (%)",CM.MKT.TRNR,,,,,,,,,,,,,,,,1.317076383,1.354155382,1.025106747,1.20751542,1.211816414,0.984288547,0.922307762,1.006614587,1.591645354,2.100921179,9.972754968,11.84136862,10.54825561,18.59956383,34.80059278,30.4487424,22.40663057,46.80024131,50.15441965,54.8766864,46.6124079,47.56525116,46.77386262,67.89698518,57.01473917,80.40681768,77.54497889,42.35562875,36.07122963,45.05459436,,,,,,,,,,,,,,,,,,
Dominican Republic,DOM,"Stocks traded, turnover ratio of domestic shares (%)",CM.MKT.TRNR,,,,,,,,,,,,,,,,,,,,,,,,,,,,,,,,,,,,,,,,,,,,,,,,,,,,,,,,,,,,,,,
Algeria,DZA,"Stocks traded, turnover ratio of domestic shares (%)",CM.MKT.TRNR,,,,,,,,,,,,,,,,,,,,,,,,,,,,,,,,,,,,,,,,,,,,,,,,,,,,,,,,,,,,,,,
East Asia & Pacific (excluding high income),EAP,"Stocks traded, turnover ratio of domestic shares (%)",CM.MKT.TRNR,,,,,,,,,,,,,,,,,,,,,,,8.81974634,13.21623592,11.14600709,9.932172528,7.863413728,20.87914195,10.85707024,16.64177762,40.49622285,30.36305228,61.9421995,29.86438458,28.83878636,33.7045785,12.69383538,58.35794694,38.50800275,39.65196521,47.67831922,31.67404486,35.89735067,43.31678865,85.92329217,68.56818694,75.85782297,121.3833149,192.3553437,184.6805035,169.61019,156.1800197,107.0389236,152.4132287,160.820153,402.8059663,216.4000643,168.3907437,173.5931811,178.3087981,225.7360305,,
Early-demographic dividend,EAR,"Stocks traded, turnover ratio of domestic shares (%)",CM.MKT.TRNR,,,,,,,,,,,,,,,,,4.3766514,3.725868558,4.892722059,14.73498807,17.20514929,13.32605618,7.651881503,16.1910369,6.207625417,9.52571036,10.11865438,15.3270356,11.47246464,12.56717539,15.99171429,15.09723932,21.31715758,27.33001887,50.2872965,29.96998034,29.5647537,38.68959558,46.53491724,33.00953031,63.46771857,72.84642149,57.73466165,47.76066753,50.75034493,53.0123045,51.98575312,47.84614624,93.25494333,53.48088818,47.33577404,49.86264295,44.2007982,43.93152791,44.81117081,45.50521878,43.66241711,38.2464687,46.60480031,35.69318014,47.11056325,,
East Asia & Pacific,EAS,"Stocks traded, turnover ratio of domestic shares (%)",CM.MKT.TRNR,,,,,,,,,,,,,,,,,48.32502854,430.6435726,400.233282,52.34027399,38.51283148,53.47298637,37.32933601,45.59147797,46.00722087,45.29388353,59.5648883,71.15938383,64.51871346,60.01259907,78.75022077,43.9823867,38.71122586,42.10525246,49.16700702,42.78369484,46.05442003,88.25494086,71.00853671,65.34872411,97.62669861,78.37416695,94.637748,79.79613094,92.2938006,89.06515737,100.6962016,127.1098205,178.8466499,128.120884,118.8394169,126.0099061,86.86131032,107.2937576,107.8485255,221.9084347,138.1865194,112.1062836,126.896378,109.3930977,149.2505807,,
Europe & Central Asia (excluding high income),ECA,"Stocks traded, turnover ratio of domestic shares (%)",CM.MKT.TRNR,,,,,,,,,,,,,,,,,,,,,,,,,,,,,,,,,,,100.1876389,244.3945901,119.6003215,71.50704403,169.9191484,60.22709036,237.7825948,135.6460524,187.0135136,136.227787,137.9834749,112.0860826,111.2522874,89.11002712,142.9184186,107.6025863,69.6907859,90.30139822,58.57875801,67.97138208,72.79693603,79.68301771,59.93481894,54.98518314,74.9148844,52.75401208,105.1886128,,
Europe & Central Asia,ECS,"Stocks traded, turnover ratio of domestic shares (%)",CM.MKT.TRNR,,,,,,,,,,,,,,,,,36.34900928,28.28529459,28.03561666,49.27483702,51.26250044,39.12013652,17.98274517,46.97369739,44.68445468,46.24572609,40.63201864,103.6729479,68.55146585,59.45342517,71.58823281,45.12096115,47.5094089,50.39932742,59.05362174,53.86912784,43.24804036,62.3845454,98.89697669,69.05008934,103.8530263,108.4970783,88.31601761,72.37944836,71.66758353,72.09472173,80.99338927,116.1828489,191.9574985,91.67726996,91.13413987,98.2179866,69.47613823,54.89227144,75.27673426,73.60440473,,,73.31477976,54.59677873,73.76332014,,
Ecuador,ECU,"Stocks traded, turnover ratio of domestic shares (%)",CM.MKT.TRNR,,,,,,,,,,,,,,,,,,,,,,,,,,,,,,,,,,,,4.384939196,3.492363564,3.077227527,0.604113111,3.505747126,2.449799197,,,,,,,,,,,,,,,,,,,,,,
"Egypt, Arab Rep.",EGY,"Stocks traded, turnover ratio of domestic shares (%)",CM.MKT.TRNR,,,,,,,,,,,,,,,,,,,,,,,,,,,,,,,,,,,,,,,,,,,,,,,51.72794888,44.17045734,111.4547931,81.54417177,44.15851901,32.54382271,28.88276615,20.66393367,37.72774392,26.74325041,39.20816681,30.70503951,34.46595759,25.2595,38.88904742,,
Euro area,EMU,"Stocks traded, turnover ratio of domestic shares (%)",CM.MKT.TRNR,,,,,,,,,,,,,,,,,16.61761213,19.70640443,21.92877208,15.40348721,16.28551181,18.82495587,19.7861592,27.67940027,23.99777841,33.17073627,44.43008673,106.150147,63.79753515,52.12424142,78.65289423,58.38311731,61.61547528,59.74578889,65.63097304,58.12339356,34.78069552,74.54821239,145.6399177,84.44840477,122.6816563,118.8983152,106.7981447,86.46486842,88.8495287,89.30678703,95.54653041,127.8077984,221.0361146,92.46325223,89.174334,104.1133189,74.60548296,62.45151769,87.91354604,78.41755424,,,,60.31221679,71.40736744,,
Eritrea,ERI,"Stocks traded, turnover ratio of domestic shares (%)",CM.MKT.TRNR,,,,,,,,,,,,,,,,,,,,,,,,,,,,,,,,,,,,,,,,,,,,,,,,,,,,,,,,,,,,,,,
Spain,ESP,"Stocks traded, turnover ratio of domestic shares (%)",CM.MKT.TRNR,,,,,,,,,,,,,,,,5.442789118,8.175,,11.97267021,6.436301194,5.359319376,9.211417032,10.80672341,10.95256467,17.27383132,19.12464754,32.31094022,57.47866163,28.90278291,32.24067596,40.59042084,32.60369276,32.76401366,38.24936181,44.70612283,34.59694949,42.96525945,65.47903143,93.52807362,238.0720012,314.0604569,318.3257466,98.26426234,85.13948155,91.52420446,102.242701,113.2728573,126.5892202,182.1179891,89.08827996,117.2961881,109.370117,86.86496562,81.94477824,99.87993517,124.2893817,97.83855716,82.61950554,86.18194243,62.7359,64.46118736,,
Estonia,EST,"Stocks traded, turnover ratio of domestic shares (%)",CM.MKT.TRNR,,,,,,,,,,,,,,,,,,,,,,,,,,,,,,,,,,,,,,,,,,,,,,,,,,,,,,,,,,,,,,,
Ethiopia,ETH,"Stocks traded, turnover ratio of domestic shares (%)",CM.MKT.TRNR,,,,,,,,,,,,,,,,,,,,,,,,,,,,,,,,,,,,,,,,,,,,,,,,,,,,,,,,,,,,,,,
European Union,EUU,"Stocks traded, turnover ratio of domestic shares (%)",CM.MKT.TRNR,,,,,,,,,,,,,,,,,15.97236366,18.4331006,20.39530107,15.25360535,15.75586047,18.46592811,19.67013666,27.2232156,24.21645947,32.00878254,41.86506408,95.98193706,57.69883403,47.88974856,71.73515727,54.30016684,59.36635876,58.17815969,65.82868048,57.62672827,37.09101247,71.84957865,135.6500446,81.44025842,120.9769191,117.8519065,104.4330485,83.53749806,86.64732928,88.03275386,93.73232539,124.5236094,214.2662704,90.6518363,87.2956074,101.9553412,73.45366532,61.70781212,86.25308048,76.86113541,,,,57.84787401,68.77895215,,
Fragile and conflict affected situations,FCS,"Stocks traded, turnover ratio of domestic shares (%)",CM.MKT.TRNR,,,,,,,,,,,,,,,,,,,,,,,,,,,,,,,,,,,13.56900414,4.514422301,6.609463109,15.26560942,12.89059608,8.020456607,23.74043653,15.83589338,3.8390824,8.800201227,4.659727784,9.936911365,12.06258568,16.89136278,28.56391923,10.16760748,9.134794338,6.733073932,,,8.05411922,7.959690165,5.925841467,6.199163027,8.33061092,5.633896913,4.345043686,,
Finland,FIN,"Stocks traded, turnover ratio of domestic shares (%)",CM.MKT.TRNR,,,,,,,,,,,,,,,,,,,,,,,4.986591288,5.785573804,0.92149952,9.804333494,16.90208546,33.7037593,23.24034672,25.28443249,18.21502291,10.65559108,16.38073249,33.1976173,34.77851454,43.51512194,7.38703279,46.95408627,41.07393589,30.07085619,71.74228565,93.99301823,103.5662021,83.57614727,102.7175412,,,,,,,,,,,,,,,,,,
Fiji,FJI,"Stocks traded, turnover ratio of domestic shares (%)",CM.MKT.TRNR,,,,,,,,,,,,,,,,,,,,,,,,,,,,,,,,,,,,,,,,,,,,,,,,,,,,,,,,,,,,,,,
France,FRA,"Stocks traded, turnover ratio of domestic shares (%)",CM.MKT.TRNR,,,,,,,,,,,,,,,,15.99149574,14.64964852,12.48899872,20.97511015,17.07012405,17.24484172,20.83877014,24.15621695,19.97717338,17.06542979,22.04373595,36.05067406,57.46803622,28.88287972,32.77130356,39.17895331,34.46849259,35.66212427,35.21650632,45.41866122,42.25623788,46.0694164,58.33986341,399.585374,48.14567538,74.67689066,83.50381173,106.7765232,81.34828058,84.90327826,72.30284724,83.0052845,105.6715966,163.4043184,65.9808537,70.63373892,85.58516438,59.42284365,48.0432865,56.02475637,63.6093,,,,,,,
Faroe Islands,FRO,"Stocks traded, turnover ratio of domestic shares (%)",CM.MKT.TRNR,,,,,,,,,,,,,,,,,,,,,,,,,,,,,,,,,,,,,,,,,,,,,,,,,,,,,,,,,,,,,,,
"Micronesia, Fed. Sts.",FSM,"Stocks traded, turnover ratio of domestic shares (%)",CM.MKT.TRNR,,,,,,,,,,,,,,,,,,,,,,,,,,,,,,,,,,,,,,,,,,,,,,,,,,,,,,,,,,,,,,,
Gabon,GAB,"Stocks traded, turnover ratio of domestic shares (%)",CM.MKT.TRNR,,,,,,,,,,,,,,,,,,,,,,,,,,,,,,,,,,,,,,,,,,,,,,,,,,,,,,,,,,,,,,,
United Kingdom,GBR,"Stocks traded, turnover ratio of domestic shares (%)",CM.MKT.TRNR,,,,,,,,,,,,,,,,41.25687075,34.54256957,16.76789965,15.16983939,84.96742233,99.57996659,17.32362835,16.68504362,18.85245002,20.42403116,21.60139474,23.89597737,62.82827986,41.4035563,38.98949634,35.80007594,33.71614523,34.39508689,36.26914581,41.46719951,37.72611148,34.40074593,40.46377304,45.46801945,48.18526485,71.14434579,88.11061108,56.4367035,51.35192153,57.57515969,56.56635519,73.07679449,102.631986,146.431421,100.394275,119.5870284,103.5032978,75.04994197,42.43987637,66.00636507,,,,,,,,
Georgia,GEO,"Stocks traded, turnover ratio of domestic shares (%)",CM.MKT.TRNR,,,,,,,,,,,,,,,,,,,,,,,,,,,,,,,,,,,,,,,,,,,,,,,,,,,,,,,,,,,,,,,
Ghana,GHA,"Stocks traded, turnover ratio of domestic shares (%)",CM.MKT.TRNR,,,,,,,,,,,,,,,,,,,,,,,,,,,,,,,,,,3.357903358,3.632726124,1.129892705,0.973718641,3.657208623,4.129025746,2.161956522,1.392,4.464285714,2.857142857,6.8734375,15.18333333,8.360655738,6.789473684,6.055078729,10.08304094,2.13430462,3.453551764,8.200715828,,,,,,,,,0.353179208,,
Gibraltar,GIB,"Stocks traded, turnover ratio of domestic shares (%)",CM.MKT.TRNR,,,,,,,,,,,,,,,,,,,,,,,,,,,,,,,,,,,,,,,,,,,,,,,,,,,,,,,,,,,,,,,
Guinea,GIN,"Stocks traded, turnover ratio of domestic shares (%)",CM.MKT.TRNR,,,,,,,,,,,,,,,,,,,,,,,,,,,,,,,,,,,,,,,,,,,,,,,,,,,,,,,,,,,,,,,
"Gambia, The",GMB,"Stocks traded, turnover ratio of domestic shares (%)",CM.MKT.TRNR,,,,,,,,,,,,,,,,,,,,,,,,,,,,,,,,,,,,,,,,,,,,,,,,,,,,,,,,,,,,,,,
Guinea-Bissau,GNB,"Stocks traded, turnover ratio of domestic shares (%)",CM.MKT.TRNR,,,,,,,,,,,,,,,,,,,,,,,,,,,,,,,,,,,,,,,,,,,,,,,,,,,,,,,,,,,,,,,
Equatorial Guinea,GNQ,"Stocks traded, turnover ratio of domestic shares (%)",CM.MKT.TRNR,,,,,,,,,,,,,,,,,,,,,,,,,,,,,,,,,,,,,,,,,,,,,,,,,,,,,,,,,,,,,,,
Greece,GRC,"Stocks traded, turnover ratio of domestic shares (%)",CM.MKT.TRNR,,,,,,,,,,,,,,,,,,,,,,,,,,,,,,,,,,,,,,,,,,43.81046684,30.49286431,31.76704253,31.85230821,33.87641904,43.12260471,45.86478106,90.6889357,52.6608063,60.13483182,68.0275758,33.59768075,29.07078024,59.92351997,42.64025449,38.50559634,29.18649706,30.97503443,28.751,32.32748654,,
Grenada,GRD,"Stocks traded, turnover ratio of domestic shares (%)",CM.MKT.TRNR,,,,,,,,,,,,,,,,,,,,,,,,,,,,,,,,,,,,,,,,,,,,,,,,,,,,,,,,,,,,,,,
Greenland,GRL,"Stocks traded, turnover ratio of domestic shares (%)",CM.MKT.TRNR,,,,,,,,,,,,,,,,,,,,,,,,,,,,,,,,,,,,,,,,,,,,,,,,,,,,,,,,,,,,,,,
Guatemala,GTM,"Stocks traded, turnover ratio of domestic shares (%)",CM.MKT.TRNR,,,,,,,,,,,,,,,,,,,,,,,,,,,,,,,,,,,,,,,,,,,,,,,,,,,,,,,,,,,,,,,
Guam,GUM,"Stocks traded, turnover ratio of domestic shares (%)",CM.MKT.TRNR,,,,,,,,,,,,,,,,,,,,,,,,,,,,,,,,,,,,,,,,,,,,,,,,,,,,,,,,,,,,,,,
Guyana,GUY,"Stocks traded, turnover ratio of domestic shares (%)",CM.MKT.TRNR,,,,,,,,,,,,,,,,,,,,,,,,,,,,,,,,,,,,,,,,,,,,,,,,,,,,,,,,,,,,,,,
High income,HIC,"Stocks traded, turnover ratio of domestic shares (%)",CM.MKT.TRNR,,,,,,,,,,,,,,,,,,,,,,,,,55.55696172,52.80903301,65.27095606,91.07915866,64.88143295,60.70750173,70.06277806,45.66454525,46.39482647,53.17005869,59.30574445,57.31720789,61.32075907,77.93975263,89.21988908,95.26874275,146.5670767,124.0670652,122.6226624,92.80063296,96.76513324,112.4019095,118.3130758,158.2302587,272.2790754,148.9525718,137.3561813,167.1641677,115.3922993,99.13006843,109.5036486,126.4299347,84.8060244,94.02579465,98.54566831,,,,
"Hong Kong SAR, China",HKG,"Stocks traded, turnover ratio of domestic shares (%)",CM.MKT.TRNR,,,,,,,,,,,,,,,,5.975279134,5.521362802,3.11417502,3.158708799,4.833091515,1.991756657,,,,,,28.44637365,83.97445191,31.4789892,44.58471453,41.47437689,31.60910364,45.6163818,34.31154162,46.65753125,31.47423054,37.00733609,109.6079774,59.94350206,37.43574526,59.83275782,47.06659862,38.6428612,38.1823357,46.86538453,39.9236845,44.05631757,75.94210156,118.0200189,61.30946264,54.86610643,63.63736535,38.02076817,40.86087354,44.87851938,64.95297576,40.87587241,43.38256843,59.3516973,37.1944,50.06766983,,
Honduras,HND,"Stocks traded, turnover ratio of domestic shares (%)",CM.MKT.TRNR,,,,,,,,,,,,,,,,,,,,,,,,,,,,,,,,,,,,,,,,,,,,,,,,,,,,,,,,,,,,,,,
Heavily indebted poor countries (HIPC),HPC,"Stocks traded, turnover ratio of domestic shares (%)",CM.MKT.TRNR,,,,,,,,,,,,,,,,,,,,,,,,,,,,,,,,,,,11.82331667,1.611571713,1.91289865,3.234386653,3.254052297,4.066189731,4.472844003,2.067382332,1.658740731,2.825054002,3.625681078,1.816471428,2.119327207,2.803862422,5.633959972,3.416871656,3.25265557,3.822774844,,,3.407056975,4.177129167,5.27361436,,,1.8616,,,
Croatia,HRV,"Stocks traded, turnover ratio of domestic shares (%)",CM.MKT.TRNR,,,,,,,,,,,,,,,,,,,,,,,,,,,,,,,,,,,2.568593112,34.52256857,5.993956407,5.725625458,3.415990002,2.742690874,6.894528973,3.705835332,1.975025186,4.024499937,4.243044757,5.859334783,6.468295983,6.245963748,11.85542687,5.491906342,4.101596609,4.108406721,,,,,,,1.204977475,1.4628,,,
Haiti,HTI,"Stocks traded, turnover ratio of domestic shares (%)",CM.MKT.TRNR,,,,,,,,,,,,,,,,,,,,,,,,,,,,,,,,,,,,,,,,,,,,,,,,,,,,,,,,,,,,,,,
Hungary,HUN,"Stocks traded, turnover ratio of domestic shares (%)",CM.MKT.TRNR,,,,,,,,,,,,,,,,,,,,,,,,,,,,,,,,,,,,,,,,,,,51.13774244,53.18752847,49.89742236,68.03875408,73.89285049,102.3611974,149.2724505,90.57574035,95.51778684,83.37471375,52.80956138,54.66704988,49.01517782,42.06790883,40.48146649,32.90478804,34.18028404,26.3573,40.40777481,,
IBRD only,IBD,"Stocks traded, turnover ratio of domestic shares (%)",CM.MKT.TRNR,,,,,,,,,,,,,,,,,4.3766514,3.725868558,4.892722059,14.73498807,16.06255499,10.70322836,5.077608563,6.475463112,7.077775108,9.642835292,8.776124343,14.10856011,9.752363379,12.06192308,20.9634082,17.41270186,29.78212904,25.27658883,38.95489091,30.88215712,19.61060215,40.493897,40.79424105,30.77969565,55.94169966,57.67212732,47.01414322,43.69255843,60.86013261,50.23495752,53.88168321,77.50687548,135.9991865,112.1948978,100.6005858,97.89015194,71.68992038,94.15276834,105.6636628,268.962562,154.7875854,118.1530007,122.5251535,123.9796679,167.8497806,,
IDA & IBRD total,IBT,"Stocks traded, turnover ratio of domestic shares (%)",CM.MKT.TRNR,,,,,,,,,,,,,,,,,4.3766514,3.725868558,4.892722059,14.73498807,16.06255499,10.70322836,5.077608563,6.475463112,7.077775108,9.642835292,8.776124343,14.10856011,9.752363379,12.06192308,20.9634082,17.41270186,29.78212904,25.27658883,38.09898931,30.09685163,19.59048147,40.31015564,41.46797531,32.41436447,58.78639837,58.44756866,46.85052449,43.51504311,60.53386559,53.54361679,55.57087636,77.17889122,134.6682603,110.6152612,99.41028931,96.59497029,71.58685814,94.01948142,104.4275946,266.0194472,153.4040697,117.3585835,121.6466721,123.0698383,166.4644903,,
IDA total,IDA,"Stocks traded, turnover ratio of domestic shares (%)",CM.MKT.TRNR,,,,,,,,,,,,,,,,,,,,,,,,,,,,,,,,,,,2.505973223,2.428565356,18.97168245,35.34290102,59.64230846,103.8856833,279.2065453,137.1883237,,11.07994669,6.427622063,169.8422445,123.9556828,60.3183879,68.11056077,19.20189181,14.66102538,13.10921018,,,13.4064059,13.09492154,13.35719524,20.77213764,15.81102681,13.48465121,10.36023276,,
IDA blend,IDB,"Stocks traded, turnover ratio of domestic shares (%)",CM.MKT.TRNR,,,,,,,,,,,,,,,,,,,,,,,,,,,,,,,,,,,1.607918622,2.123603611,21.68529343,39.88125959,64.63275248,129.5791732,467.949763,212.3361088,2.611630068,4.781531812,4.010720067,190.2138429,146.3819155,68.53965133,78.92207805,22.63625345,15.12580119,15.4128231,,,7.922955712,7.869092838,5.299138943,5.593077923,8.204811877,6.1851,3.715472812,,
Indonesia,IDN,"Stocks traded, turnover ratio of domestic shares (%)",CM.MKT.TRNR,,,,,,,,,,,,,,,,,,,,,,,,,,,,,,,,,,,,21.58836518,35.64806695,75.71326973,58.56921821,33.0419846,48.11848951,41.90885587,41.20044062,23.34549844,29.86833972,34.2128616,29.03312464,44.8358252,76.80121425,40.04503645,28.98325722,27.03758193,21.46766158,28.5160624,21.49151304,21.24298584,21.23378912,17.7675162,21.49952731,22.5271,26.43588547,,
IDA only,IDX,"Stocks traded, turnover ratio of domestic shares (%)",CM.MKT.TRNR,,,,,,,,,,,,,,,,,,,,,,,,,,,,,,,,,,,11.33723654,4.371422231,8.608324794,16.10014017,30.76655976,25.79665043,20.98911859,13.56715143,,15.31650852,9.06354714,10.21556866,7.127086101,7.852798911,12.06974208,9.366914949,13.79326527,9.868663348,9.864787401,8.149447932,17.82639443,16.13241825,16.70237967,26.26861183,18.45023576,16.38829675,15.613,,
Isle of Man,IMN,"Stocks traded, turnover ratio of domestic shares (%)",CM.MKT.TRNR,,,,,,,,,,,,,,,,,,,,,,,,,,,,,,,,,,,,,,,,,,,,,,,,,,,,,,,,,,,,,,,
India,IND,"Stocks traded, turnover ratio of domestic shares (%)",CM.MKT.TRNR,,,,,,,,,,,,,,,,,,,,,,,,,,,,,,,,,,,,,,,,,227.2754166,166.7948718,114.3608124,91.51729887,90.7333652,75.82664876,71.15280312,55.5806213,131.0811596,76.84671753,60.1935724,59.51003684,45.84522207,45.13557264,45.14324017,45.96627246,46.28908414,47.13667768,56.77190779,56.21499447,74.95060419,,
Not classified,INX,"Stocks traded, turnover ratio of domestic shares (%)",CM.MKT.TRNR,,,,,,,,,,,,,,,,,,,,,,,,,,,,,,,,,,,,,,,,,,,,,,,,,,,,,,,,,,,,,,,
Ireland,IRL,"Stocks traded, turnover ratio of domestic shares (%)",CM.MKT.TRNR,,,,,,,,,,,,,,,,,,,,,,,,,,,,,,,,,,,,,,32.72515051,61.85697436,65.54981171,17.96979695,29.8603519,5.238089677,7.174835707,5.239082677,6.842372467,7.398669525,17.13704558,35.48678913,16.12125867,14.6924272,7.53861152,8.600956279,8.759043768,11.55245817,16.35001018,21.060502,19.70645413,29.1258151,,,,
"Iran, Islamic Rep.",IRN,"Stocks traded, turnover ratio of domestic shares (%)",CM.MKT.TRNR,,,,,,,,,,,,,,,,8.052589197,9.677419355,5.295291123,8.976840152,,,,,,,,,,,,,,,16.4718682,15.42989654,6.053025094,10.95542643,6.338015644,5.848451949,8.132210383,16.71523208,21.23355967,14.80456713,14.20623675,26.42624181,19.7525701,12.98095696,18.56428881,30.00882111,28.70460266,19.60620035,13.45538995,16.55175104,12.81343103,20.03281937,9.443134391,16.77631801,10.8083915,18.26220725,25.28087416,37.9566045,,
Iraq,IRQ,"Stocks traded, turnover ratio of domestic shares (%)",CM.MKT.TRNR,,,,,,,,,,,,,,,,,,,,,,,,,,,,,,,,,,,,,,,,,,,,,,,,,,,,,,,,,,,,,,,
Iceland,ISL,"Stocks traded, turnover ratio of domestic shares (%)",CM.MKT.TRNR,,,,,,,,,,,,,,,,,,,,,,,,,,,,,,,,,,,,,,,,,,,,,,,,,,,,,,,,,,,,,,,
Israel,ISR,"Stocks traded, turnover ratio of domestic shares (%)",CM.MKT.TRNR,,,,,,,,,,,,,,,,,,,,24.46761593,34.47563748,44.13276615,30.17118438,105.4659906,10.17383674,9.422018349,21.20437705,39.8704841,42.84544056,45.45658929,63.54078413,58.6641483,44.09649102,56.61217162,76.54177135,24.07441291,22.64449705,29.99493396,33.80370366,32.07648909,43.00805239,25.99870889,26.98742769,25.37508697,32.96541063,34.62375323,39.05458508,42.3523199,89.12228461,42.14615922,47.55072414,48.81553397,31.38737101,27.33813622,23.58834677,23.11203341,23.38427403,29.88016332,33.30744425,28.8446,39.93056679,,
Italy,ITA,"Stocks traded, turnover ratio of domestic shares (%)",CM.MKT.TRNR,,,,,,,,,,,,,,,,,,,,,,,,,,,,,,,,,,,,,,,,73.59946479,128.7871942,113.688341,120.8320689,119.1316423,114.0130165,132.1649626,117.7735345,206.3860527,265.1711047,141.3158029,124.4458195,196.2059386,162.4245899,125.1077422,350.0114862,,,,,,,,
Jamaica,JAM,"Stocks traded, turnover ratio of domestic shares (%)",CM.MKT.TRNR,,,,,,,,,,,,,,,,,,,,,,,,,,,,,,,,,,19.92933342,8.88228496,7.025176726,7.001990137,5.770313502,2.611447054,2.132419911,2.148884157,2.627953799,2.53767167,,,,,,,,,5.111741993,,,4.2617,10.3895,6.3005,3.6383,4.666,4.9778,0.386032742,,
Jordan,JOR,"Stocks traded, turnover ratio of domestic shares (%)",CM.MKT.TRNR,,,,,,,,,,,,,,,,,,,,,,,,,,,,,,,,,,,,,,,,,,,,,,,,42.67325457,75.75708949,40.54881679,27.85524562,14.33759016,10.12248827,13.30287532,12.1005163,13.9671646,10.66750692,9.739929181,10.39398618,8.0095,8.090890415,,
Japan,JPN,"Stocks traded, turnover ratio of domestic shares (%)",CM.MKT.TRNR,,,,,,,,,,,,,,,,42.4633261,50.95135211,477.589161,567.3815689,57.50519414,47.51854493,61.36106751,41.94906014,49.85943896,49.70068684,47.99299249,64.81107732,73.88029529,67.11247479,61.24436709,52.60551976,34.29790038,26.88797066,31.30003465,29.77312881,32.27910187,39.38135963,49.98282463,42.85545812,45.53388936,78.58251282,75.15674106,83.72834228,78.82758898,97.189491,94.85618914,119.1691182,152.0653183,199.2650647,117.0008618,111.5608358,129.6174366,96.19358054,133.8969698,110.6604989,113.8226621,105.444196,92.84292652,119.0166159,82.3379,94.32884952,,
Kazakhstan,KAZ,"Stocks traded, turnover ratio of domestic shares (%)",CM.MKT.TRNR,,,,,,,,,,,,,,,,,,,,,,,,,,,,,,,,,,,,,,,,,,,2.326591389,18.0737046,25.78490466,9.885873416,5.581716865,21.76361549,16.07403979,15.27166563,1.973401298,2.421495733,,2.672313513,3.750417874,7.613490589,1.891115995,1.627506898,3.435459326,0.768,0.865573318,,
Kenya,KEN,"Stocks traded, turnover ratio of domestic shares (%)",CM.MKT.TRNR,,,,,,,,,,,,,,,,,,,,,,,,,,,,,,,,,,1.138180792,2.251616503,2.966528047,3.956598593,5.377215916,3.552670009,,3.011016497,3.759686214,2.611630068,4.781531812,7.294839076,7.896628911,11.99037796,8.451121126,6.837969062,1.80854944,5.48742918,8.990346588,,,,,,,,1.8834,2.262045683,,
Kyrgyz Republic,KGZ,"Stocks traded, turnover ratio of domestic shares (%)",CM.MKT.TRNR,,,,,,,,,,,,,,,,,,,,,,,,,,,,,,,,,,,,,,,,,,,,,,,,,,,,,,,,,,,,,,,
Cambodia,KHM,"Stocks traded, turnover ratio of domestic shares (%)",CM.MKT.TRNR,,,,,,,,,,,,,,,,,,,,,,,,,,,,,,,,,,,,,,,,,,,,,,,,,,,,,,,,,,,,,,,
Kiribati,KIR,"Stocks traded, turnover ratio of domestic shares (%)",CM.MKT.TRNR,,,,,,,,,,,,,,,,,,,,,,,,,,,,,,,,,,,,,,,,,,,,,,,,,,,,,,,,,,,,,,,
St. Kitts and Nevis,KNA,"Stocks traded, turnover ratio of domestic shares (%)",CM.MKT.TRNR,,,,,,,,,,,,,,,,,,,,,,,,,,,,,,,,,,,,,,,,,,,,,,,,,,,,,,,,,,,,,,,
"Korea, Rep.",KOR,"Stocks traded, turnover ratio of domestic shares (%)",CM.MKT.TRNR,,,,,,,,,,,,,,,,,,,,50.08049977,48.74424096,85.64083262,59.79395243,50.22202973,60.56573208,55.10471736,80.021847,78.30419494,90.04853293,85.04639416,67.64761825,85.56719466,106.9795219,150.8333807,149.5631592,101.248827,127.5906282,407.8804986,139.9473146,249.7925587,289.2439849,159.8893154,231.7365702,138.7778271,122.7625537,167.0890731,160.5063459,170.8422426,252.1725001,201.9488044,149.2569306,194.1901244,134.3605384,107.7196737,105.849479,149.7507667,126.0831469,112.3584772,173.7081042,129.8341,238.5221099,,
Kuwait,KWT,"Stocks traded, turnover ratio of domestic shares (%)",CM.MKT.TRNR,,,,,,,,,,,,,,,,,,,,,,,,,,,,,,,,,,24.649829,19.34074543,47.59657863,93.96128415,111.2290155,40.72241684,,,5.149400159,7.088316611,9.204030217,66.46360416,89.0551952,53.42279575,,,,,,,,,,,,,3.1258,12.42349522,,
Latin America & Caribbean (excluding high income),LAC,"Stocks traded, turnover ratio of domestic shares (%)",CM.MKT.TRNR,,,,,,,,,,,,,,,,,,,19.60565891,108.4728816,79.0967574,133.9889469,35.94431758,24.84467038,42.26030481,61.59569812,56.60973896,97.16646548,66.92447912,45.52083727,43.0668244,29.94141392,38.86766431,43.90721091,94.69269727,49.04755832,47.68812758,40.85343242,36.68718155,21.63602909,30.49202713,34.50614689,25.45593362,23.65676242,28.97284277,29.37066921,31.64035929,38.9934608,72.71337371,40.44795711,44.85383086,49.2707392,47.30200587,49.92052554,49.83158236,51.98281153,47.29109538,44.51858396,55.49370659,59.15478474,,,
Lao PDR,LAO,"Stocks traded, turnover ratio of domestic shares (%)",CM.MKT.TRNR,,,,,,,,,,,,,,,,,,,,,,,,,,,,,,,,,,,,,,,,,,,,,,,,,,,,,,,,,,,,,,,
Lebanon,LBN,"Stocks traded, turnover ratio of domestic shares (%)",CM.MKT.TRNR,,,,,,,,,,,,,,,,,,,,,,,,,,,,,,,,,,,,,2.800083472,23.83494784,13.7327478,4.557591139,7.486520917,4.283387622,8.870292887,8.747019905,8.531516709,18.75530163,24.68786684,9.002494903,17.85639381,8.100658219,14.78465979,5.65360987,,,,,,,,2.5332,3.4663281,,
Liberia,LBR,"Stocks traded, turnover ratio of domestic shares (%)",CM.MKT.TRNR,,,,,,,,,,,,,,,,,,,,,,,,,,,,,,,,,,,,,,,,,,,,,,,,,,,,,,,,,,,,,,,
Libya,LBY,"Stocks traded, turnover ratio of domestic shares (%)",CM.MKT.TRNR,,,,,,,,,,,,,,,,,,,,,,,,,,,,,,,,,,,,,,,,,,,,,,,,,,,,,,,,,,,,,,,
St. Lucia,LCA,"Stocks traded, turnover ratio of domestic shares (%)",CM.MKT.TRNR,,,,,,,,,,,,,,,,,,,,,,,,,,,,,,,,,,,,,,,,,,,,,,,,,,,,,,,,,,,,,,,
Latin America & Caribbean,LCN,"Stocks traded, turnover ratio of domestic shares (%)",CM.MKT.TRNR,,,,,,,,,,,,,,,,,,,19.60565891,108.4728816,79.0967574,133.9889469,35.94431758,24.84467038,42.26030481,61.59569812,56.60973896,97.16646548,66.92447912,45.52083727,43.0668244,29.94141392,33.00699346,37.79377176,74.52222698,37.36010661,31.75013872,32.02975168,29.00268474,18.19400744,25.15756995,30.22432315,22.10224943,20.96625132,25.7500958,26.94099308,29.40187286,36.94627015,67.1871795,37.60136876,41.45528017,45.2911345,43.23113976,45.61042657,45.07466322,46.36205337,42.23445528,40.04737104,49.95943059,53.89117928,,,
Least developed countries: UN classification,LDC,"Stocks traded, turnover ratio of domestic shares (%)",CM.MKT.TRNR,,,,,,,,,,,,,,,,,,,,,,,,,,,,,,,,,,,10.55985881,7.790387391,10.88565737,19.29154704,42.76397408,53.9358111,38.74053899,22.56412094,,,0.132728882,0.441050256,3.656794122,8.105570289,12.47061915,11.17730338,11.6241082,4.663435971,,,23.09364981,20.78692693,21.75655382,30.75356744,20.85801376,20.37811424,16.61975239,,
Low income,LIC,"Stocks traded, turnover ratio of domestic shares (%)",CM.MKT.TRNR,,,,,,,,,,,,,,,,,,,,,,,,,,,,,,,,,,,,,,,,,,,,,,,,,,,,,,,,,,,,,,,
Liechtenstein,LIE,"Stocks traded, turnover ratio of domestic shares (%)",CM.MKT.TRNR,,,,,,,,,,,,,,,,,,,,,,,,,,,,,,,,,,,,,,,,,,,,,,,,,,,,,,,,,,,,,,,
Sri Lanka,LKA,"Stocks traded, turnover ratio of domestic shares (%)",CM.MKT.TRNR,,,,,,,,,,,,,,,,,,,,,,,,,,,,,,,,,,,,,,,,13.16010429,12.43785726,9.802257553,18.7727995,26.56589465,15.26168991,18.87870433,12.59684509,12.79290682,22.59639053,13.04435268,25.06994127,24.67419081,9.864787401,8.149447932,10.98008377,8.619835215,6.500423358,7.608471075,7.046046151,5.9933,10.71649133,,
Lower middle income,LMC,"Stocks traded, turnover ratio of domestic shares (%)",CM.MKT.TRNR,,,,,,,,,,,,,,,,,9.677419355,5.295291123,8.976840152,,,,,,,,,,,,,,,,3.658047083,3.110854374,16.28022717,45.46435768,34.64703673,50.18308605,65.05179442,139.1225202,95.98367858,78.06229408,77.81054799,80.73537371,71.18804615,52.73628331,115.3130938,66.69002242,51.57629471,46.01088737,38.1488827,35.89057096,36.07140169,37.3840819,38.40974677,39.50071171,47.36145024,44.89700831,56.78274516,,
Low & middle income,LMY,"Stocks traded, turnover ratio of domestic shares (%)",CM.MKT.TRNR,,,,,,,,,,,,,,,,,4.3766514,3.725868558,4.892722059,14.73498807,16.06255499,10.70322836,5.077608563,6.475463112,7.077775108,9.642835292,8.776124343,14.10856011,9.752363379,12.06192308,20.9634082,17.41270186,31.43882265,26.45091881,40.33554605,31.55586199,20.7156269,42.77907062,45.19454548,34.52477222,63.08518687,62.64829072,51.07373459,46.60827585,64.14930546,56.52946476,58.25242279,80.05911156,139.8078073,114.9911342,102.9383717,99.72459055,73.71796623,97.05638962,107.598447,272.9225167,156.7411911,120.0577938,124.7584368,125.9206354,169.3686936,,
Lesotho,LSO,"Stocks traded, turnover ratio of domestic shares (%)",CM.MKT.TRNR,,,,,,,,,,,,,,,,,,,,,,,,,,,,,,,,,,,,,,,,,,,,,,,,,,,,,,,,,,,,,,,
Late-demographic dividend,LTE,"Stocks traded, turnover ratio of domestic shares (%)",CM.MKT.TRNR,,,,,,,,,,,,,,,,,,,,,,,8.81974634,13.21623592,11.14600709,9.932172528,7.863413728,20.87914195,10.85707024,16.64177762,40.49622285,30.36305228,50.72620221,26.60050185,25.40245458,30.66030181,10.67079207,47.98481088,35.7275947,38.2190658,36.31705826,28.8419878,24.23273186,29.97320562,63.97295932,51.93139857,55.82199932,95.89225519,156.4093498,141.7769349,125.0920517,121.2139291,87.99336713,120.2520612,133.6768336,348.1668628,190.626542,147.0512324,151.7071851,155.3368753,208.3851488,,
Lithuania,LTU,"Stocks traded, turnover ratio of domestic shares (%)",CM.MKT.TRNR,,,,,,,,,,,,,,,,,,,,,,,,,,,,,,,,,,,,,,,,,,,,,,,,,,,,,,,,,,,,,,,
Luxembourg,LUX,"Stocks traded, turnover ratio of domestic shares (%)",CM.MKT.TRNR,,,,,,,,,,,,,,,,,,,,,,,1.06111392,1.059023529,1.244231375,1.508863906,2.634817878,1.755915806,3.012853519,1.976213922,1.886561466,1.307667749,0.965157648,1.093607387,0.942689301,0.674774965,1.586157085,2.938080208,4.055366403,2.646704134,3.593606871,1.897592112,1.251637405,0.758065004,0.790709872,0.442355187,0.302300563,0.146924939,2.688084152,0.267382046,0.175835659,0.181479642,0.163424293,0.152007532,0.174852547,0.203579865,0.133140966,0.124099438,0.160594981,0.1101,0.092907066,,
Latvia,LVA,"Stocks traded, turnover ratio of domestic shares (%)",CM.MKT.TRNR,,,,,,,,,,,,,,,,,,,,,,,,,,,,,,,,,,,,,,,,,,,,,,,,,,,,,,,,,,,,,,,
"Macao SAR, China",MAC,"Stocks traded, turnover ratio of domestic shares (%)",CM.MKT.TRNR,,,,,,,,,,,,,,,,,,,,,,,,,,,,,,,,,,,,,,,,,,,,,,,,,,,,,,,,,,,,,,,
St. Martin (French part),MAF,"Stocks traded, turnover ratio of domestic shares (%)",CM.MKT.TRNR,,,,,,,,,,,,,,,,,,,,,,,,,,,,,,,,,,,,,,,,,,,,,,,,,,,,,,,,,,,,,,,
Morocco,MAR,"Stocks traded, turnover ratio of domestic shares (%)",CM.MKT.TRNR,,,,,,,,,,,,,,,,,,,,,,,,,,,,,,,,,,,,,,,,,,,,,,,,,,,8.818675236,6.810889848,6.65587014,6.012775448,5.763136342,6.35561114,6.269754455,6.298255443,6.38764632,4.9844,5.503607254,,
Monaco,MCO,"Stocks traded, turnover ratio of domestic shares (%)",CM.MKT.TRNR,,,,,,,,,,,,,,,,,,,,,,,,,,,,,,,,,,,,,,,,,,,,,,,,,,,,,,,,,,,,,,,
Moldova,MDA,"Stocks traded, turnover ratio of domestic shares (%)",CM.MKT.TRNR,,,,,,,,,,,,,,,,,,,,,,,,,,,,,,,,,,,,,,,,,,,,,,,,,,,,,,,,,,,,,,,
Madagascar,MDG,"Stocks traded, turnover ratio of domestic shares (%)",CM.MKT.TRNR,,,,,,,,,,,,,,,,,,,,,,,,,,,,,,,,,,,,,,,,,,,,,,,,,,,,,,,,,,,,,,,
Maldives,MDV,"Stocks traded, turnover ratio of domestic shares (%)",CM.MKT.TRNR,,,,,,,,,,,,,,,,,,,,,,,,,,,,,,,,,,,,,,,,,,,,,,,,,,,,,,,,,,,,,,,
Middle East & North Africa,MEA,"Stocks traded, turnover ratio of domestic shares (%)",CM.MKT.TRNR,,,,,,,,,,,,,,,,,9.677419355,5.295291123,8.976840152,,34.47563748,44.13276615,30.17118438,105.4659906,10.17383674,9.422018349,21.20437705,39.8704841,42.84544056,45.45658929,63.54078413,58.6641483,44.09649102,56.61217162,61.76264416,26.52486041,35.38202512,44.89038758,29.2247533,23.04259842,32.37162969,18.8404587,18.97190484,16.22077172,40.6648075,47.28687257,37.06218259,36.22204447,73.690577,45.57645721,41.33476174,46.63218095,67.40723204,42.77988538,60.00415507,47.87928916,38.71044337,28.79763311,27.71979584,12.60293246,23.27027116,,
Mexico,MEX,"Stocks traded, turnover ratio of domestic shares (%)",CM.MKT.TRNR,,,,,,,,,,,,,,,,,,,181.0298103,343.6315789,247.8537336,413.960396,45.47093023,30.88943894,50.14289617,77.81585678,72.59873188,115.1369061,50.47414474,50.02751108,45.15861145,30.79846244,31.82510235,31.16294785,43.89265378,37.70019525,40.38841829,33.01831904,30.4756839,22.67581159,35.70203883,42.04760112,24.47209791,18.8376254,25.80565138,22.78565095,23.49418521,29.64877409,36.25669138,22.03028677,24.45720899,24.4168689,22.79498472,31.11920018,26.66041389,25.76835669,28.16134911,23.12815669,24.35950467,20.4784,20.69503602,,
Marshall Islands,MHL,"Stocks traded, turnover ratio of domestic shares (%)",CM.MKT.TRNR,,,,,,,,,,,,,,,,,,,,,,,,,,,,,,,,,,,,,,,,,,,,,,,,,,,,,,,,,,,,,,,
Middle income,MIC,"Stocks traded, turnover ratio of domestic shares (%)",CM.MKT.TRNR,,,,,,,,,,,,,,,,,4.3766514,3.725868558,4.892722059,14.73498807,16.06255499,10.70322836,5.077608563,6.475463112,7.077775108,9.642835292,8.776124343,14.10856011,9.752363379,12.06192308,20.9634082,17.41270186,31.43882265,26.45091881,40.33554605,31.55586199,20.7156269,42.77907062,45.19454548,34.52477222,63.08518687,62.64829072,51.07373459,46.60827585,64.14930546,56.52946476,58.25242279,80.05911156,139.8078073,114.9911342,102.9383717,99.72459055,73.71796623,97.05638962,107.598447,272.9225167,156.7411911,120.0577938,124.7584368,125.9206354,169.3686936,,
North Macedonia,MKD,"Stocks traded, turnover ratio of domestic shares (%)",CM.MKT.TRNR,,,,,,,,,,,,,,,,,,,,,,,,,,,,,,,,,,,,,,,,,,,,,,,,,,,,,,,,,,,,,,,
Mali,MLI,"Stocks traded, turnover ratio of domestic shares (%)",CM.MKT.TRNR,,,,,,,,,,,,,,,,,,,,,,,,,,,,,,,,,,,,,,,,,,,,,,,,,,,,,,,,,,,,,,,
Malta,MLT,"Stocks traded, turnover ratio of domestic shares (%)",CM.MKT.TRNR,,,,,,,,,,,,,,,,,,,,,,,,,,,,,,,,,,,,,,,,,9.183779325,3.600934504,3.99280785,2.762135345,3.544590854,3.424923266,6.006803507,1.679092555,1.90393902,0.893806828,1.157977069,1.422317879,1.214098857,1.585243305,1.687650168,2.0157446,1.912421236,2.03898107,1.954007887,1.8896,1.410646276,,
Myanmar,MMR,"Stocks traded, turnover ratio of domestic shares (%)",CM.MKT.TRNR,,,,,,,,,,,,,,,,,,,,,,,,,,,,,,,,,,,,,,,,,,,,,,,,,,,,,,,,,,,,,,,
Middle East & North Africa (excluding high income),MNA,"Stocks traded, turnover ratio of domestic shares (%)",CM.MKT.TRNR,,,,,,,,,,,,,,,,,9.677419355,5.295291123,8.976840152,,,,,,,,,,,,,,,,15.42989654,6.053025094,9.67038141,8.732117932,7.038097414,7.75896519,16.37202884,19.70784291,13.84001422,13.74989698,25.42737509,20.11550561,15.26347795,35.98348371,81.79097169,54.15042238,30.90412835,16.12362808,16.18514861,13.11534633,20.48806331,13.73882706,18.0775546,12.9129999,17.26158221,19.78380923,34.6122664,,
Montenegro,MNE,"Stocks traded, turnover ratio of domestic shares (%)",CM.MKT.TRNR,,,,,,,,,,,,,,,,,,,,,,,,,,,,,,,,,,,,,,,,,,,,,,,,,2.400894966,,1.377705376,2.182604706,1.148857743,,,,,,,,,,
Mongolia,MNG,"Stocks traded, turnover ratio of domestic shares (%)",CM.MKT.TRNR,,,,,,,,,,,,,,,,,,,,,,,,,,,,,,,,,,,,,,,,,,,,,,,,,,,,,,,,,,,,,,,
Northern Mariana Islands,MNP,"Stocks traded, turnover ratio of domestic shares (%)",CM.MKT.TRNR,,,,,,,,,,,,,,,,,,,,,,,,,,,,,,,,,,,,,,,,,,,,,,,,,,,,,,,,,,,,,,,
Mozambique,MOZ,"Stocks traded, turnover ratio of domestic shares (%)",CM.MKT.TRNR,,,,,,,,,,,,,,,,,,,,,,,,,,,,,,,,,,,,,,,,,,,,,,,,,,,,,,,,,,,,,,,
Mauritania,MRT,"Stocks traded, turnover ratio of domestic shares (%)",CM.MKT.TRNR,,,,,,,,,,,,,,,,,,,,,,,,,,,,,,,,,,,,,,,,,,,,,,,,,,,,,,,,,,,,,,,
Mauritius,MUS,"Stocks traded, turnover ratio of domestic shares (%)",CM.MKT.TRNR,,,,,,,,,,,,,,,,,,,,,,,,,,,,,,,,,,5.357015377,6.31417265,4.003739017,6.679281366,8.014696234,5.549974444,4.652981299,5.264428493,10.7707722,4.622466379,5.416013801,5.384742443,6.009491386,3.163651984,5.199846447,7.479209522,5.169514057,4.707994691,6.501214126,4.120276876,3.592567949,5.294582803,6.365777676,4.363532086,4.606043734,4.620430054,4.3318,5.045286958,,
Malawi,MWI,"Stocks traded, turnover ratio of domestic shares (%)",CM.MKT.TRNR,,,,,,,,,,,,,,,,,,,,,,,,,,,,,,,,,,,,,,,,,,,,,,,,,,,,,,,,,,,,,,,
Malaysia,MYS,"Stocks traded, turnover ratio of domestic shares (%)",CM.MKT.TRNR,,,,,,,,,,,,,,,,,,,,,,20.28861502,8.81974634,13.21623592,11.14600709,9.932172528,7.863413728,20.87914195,10.85707024,16.64177762,22.37708536,18.83669598,20.85898924,6.595629423,6.489801574,28.12994884,8.376730799,45.68503526,27.78519535,30.06000591,46.40644549,17.67755114,20.45539544,28.42535672,29.83713752,24.73139729,29.35102549,47.53923465,43.50119618,27.95062945,28.08719253,32.93975322,26.50246126,28.41083272,31.07844703,29.10926293,27.00750524,30.05571795,34.00215305,26.889,56.94986783,,
North America,NAC,"Stocks traded, turnover ratio of domestic shares (%)",CM.MKT.TRNR,,,,,,,,,,,,,,,,,,,,,,,,,61.59452,57.70064082,78.01902672,102.0551755,63.0420428,61.92400648,58.87767521,47.08663842,51.75424218,61.22806508,66.57093191,70.07736314,77.38357601,81.32802163,90.17093994,118.9400407,189.1404844,145.8257995,148.3556004,108.6798883,113.3672856,145.1301868,149.5710608,202.9501354,383.2675293,213.8487423,193.1470376,241.9533154,162.0823116,131.5798923,141.5507713,158.6862033,92.33200589,111.834414,106.0819056,,,,
Namibia,NAM,"Stocks traded, turnover ratio of domestic shares (%)",CM.MKT.TRNR,,,,,,,,,,,,,,,,,,,,,,,,,,,,,,,,,,,6.214977076,1.581090371,7.962247419,3.351420364,3.036115269,3.355372644,6.106366844,3.455149502,1.952983725,3.973257368,21.55494886,4.549283076,10.96397624,11.79809881,30.10260777,80.37693211,1721.543523,1107.225602,,,,,,,,3.7593,1.953223327,,
New Caledonia,NCL,"Stocks traded, turnover ratio of domestic shares (%)",CM.MKT.TRNR,,,,,,,,,,,,,,,,,,,,,,,,,,,,,,,,,,,,,,,,,,,,,,,,,,,,,,,,,,,,,,,
Niger,NER,"Stocks traded, turnover ratio of domestic shares (%)",CM.MKT.TRNR,,,,,,,,,,,,,,,,,,,,,,,,,,,,,,,,,,,,,,,,,,,,,,,,,,,,,,,,,,,,,,,
Nigeria,NGA,"Stocks traded, turnover ratio of domestic shares (%)",CM.MKT.TRNR,,,,,,,,,,,,,,,,,,,,,,,,,,,,,,,,,,1.409568261,1.504719041,1.074679833,2.474497621,3.973469331,5.905245953,3.830479184,,,,,10.59269101,8.78335731,10.95806919,20.4487519,34.78530357,13.94244555,10.09994777,9.920803805,,,8.177810676,8.174050124,5.358712734,5.867925418,8.204811877,6.1851,4.387436023,,
Nicaragua,NIC,"Stocks traded, turnover ratio of domestic shares (%)",CM.MKT.TRNR,,,,,,,,,,,,,,,,,,,,,,,,,,,,,,,,,,,,,,,,,,,,,,,,,,,,,,,,,,,,,,,
Netherlands,NLD,"Stocks traded, turnover ratio of domestic shares (%)",CM.MKT.TRNR,,,,,,,,,,,,,,,,26.0273486,29.06932132,34.93166654,37.48851413,16.02306903,16.17168506,18.40277778,19.14006731,28.1037984,31.32007831,34.03937331,40.14589254,51.13801667,27.90547037,31.6454394,36.46814066,25.16037865,26.08157471,28.12160204,33.90178155,40.39602236,45.64204897,52.99040488,67.12167401,60.50076584,101.5498044,90.6337163,131.6069364,110.2872775,116.6778626,100.3148849,115.552876,161.2144715,249.7328443,96.93868856,84.31297905,87.01969566,64.14491275,58.27451786,60.53814652,,,,,,,,
Norway,NOR,"Stocks traded, turnover ratio of domestic shares (%)",CM.MKT.TRNR,,,,,,,,,,,,,,,,,,,,,,2.984318159,3.647474777,19.76795664,3.790791587,21.14375552,16.82102826,81.14210777,30.56029632,51.53413491,56.75490426,57.3248868,51.12037847,60.75486808,49.86297064,54.9183192,62.23283681,68.85082878,85.78041969,78.32133855,91.76178895,76.07084966,56.86592875,50.96976217,64.71413462,74.17338188,100.7070645,114.9094842,186.2291248,91.40039509,71.80145979,83.63972544,49.26871218,36.3752675,46.64742852,49.51060041,45.17953904,35.0492542,44.56853635,34.4117,,,
Nepal,NPL,"Stocks traded, turnover ratio of domestic shares (%)",CM.MKT.TRNR,,,,,,,,,,,,,,,,,,,,,,,,,,,,,,,,,,,,,,,,,,,,,,,,,,,,,,,,,,,,,,,
Nauru,NRU,"Stocks traded, turnover ratio of domestic shares (%)",CM.MKT.TRNR,,,,,,,,,,,,,,,,,,,,,,,,,,,,,,,,,,,,,,,,,,,,,,,,,,,,,,,,,,,,,,,
New Zealand,NZL,"Stocks traded, turnover ratio of domestic shares (%)",CM.MKT.TRNR,,,,,,,,,,,,,,,,,,,,,,,,,,10.67248966,9.684692694,18.74454209,8.016370319,6.997813461,21.82513823,18.92411526,19.72826938,26.27311251,27.28793709,26.69135881,25.29238262,29.04668522,47.47848809,42.48766379,53.5921531,47.74876584,11.88707458,11.68531935,11.64014449,13.44136325,12.06451904,12.53057769,13.62140902,9.285109775,,,10.11414769,13.42005859,11.63127023,12.18442378,13.1682591,12.34926018,14.14903413,11.5606,16.7924649,,
OECD members,OED,"Stocks traded, turnover ratio of domestic shares (%)",CM.MKT.TRNR,,,,,,,,,,,,,,,,,,,,,,,,,55.65732572,52.95506526,65.71200577,91.29087178,65.23694435,60.87275117,59.23089027,42.78788298,44.25475035,51.61671766,55.52352353,55.98128895,60.48410917,72.23296791,86.49945551,94.34037391,146.3346037,125.294892,123.0543318,93.32633695,97.07568189,114.4212983,120.9249994,161.85564,282.4066672,154.4770189,144.3261786,176.1531629,121.0053302,104.0485748,114.9043796,133.6720939,89.81889288,100.0930116,103.7443581,,,,
Oman,OMN,"Stocks traded, turnover ratio of domestic shares (%)",CM.MKT.TRNR,,,,,,,,,,,,,,,,,,,,,,,,,,,,,,,,,,11.66139142,14.26629161,11.34196586,21.61589413,49.72970737,44.22170053,11.63055135,13.13269625,8.564888878,,,20.89505888,23.93239081,18.11240568,25.89500511,42.7403742,25.96456357,11.68751181,9.488551676,8.790279717,15.60013708,15.34465982,8.656142024,10.83733237,11.20166887,10.20414975,10.0388,6.315820132,,
Other small states,OSS,"Stocks traded, turnover ratio of domestic shares (%)",CM.MKT.TRNR,,,,,,,,,,,,,,,,,,,,,,,,,,,,,,,,,,,7.206209393,4.02576405,18.78937313,15.29385665,10.17797816,5.521798419,4.048156942,3.971995664,,3.082138548,2.930914346,4.111382545,5.984767461,10.80786828,45.09038793,6.648798988,4.870764724,4.148839541,4.394954235,2.791255246,27.23563773,14.42687686,10.7677798,11.77547057,10.0019958,7.159994035,11.52536531,,
Pakistan,PAK,"Stocks traded, turnover ratio of domestic shares (%)",CM.MKT.TRNR,,,,,,,,,,,,,,,,,,,,,,,,,,,,,,,,,,0.335132828,0.468757252,1.683121529,47.68756979,89.47576178,165.9045401,297.1574531,467.949763,253.9625566,,,307.6890921,307.6890978,277.9791469,143.1990268,181.0389551,55.17399265,30.66154869,29.59322254,,,,,,,,,,,
Panama,PAN,"Stocks traded, turnover ratio of domestic shares (%)",CM.MKT.TRNR,,,,,,,,,,,,,,,,,,,,,,,,,,,,,,,,,,0.412844037,9.2,0.969854392,1.842111433,1.940096085,2.781998219,1.657093624,5.497494631,1.72168633,1.903376959,1.652173913,4.294960263,2.622928825,3.543362139,5.032415698,4.115948593,0.418258336,0.814566363,3.033225048,,,,,,,,2.1668,1.507556436,,
Peru,PER,"Stocks traded, turnover ratio of domestic shares (%)",CM.MKT.TRNR,,,,,,,,,,,,,,,,,,,,,,,,,,,,,,,,,,,,,,24.89468223,26.62390434,20.30281253,22.46841253,7.519358387,8.38897901,6.861578347,5.849428978,7.108367454,10.32520971,11.61732251,9.718677099,4.12872611,3.864070996,6.321793386,5.14423091,3.918494911,4.093982409,2.565700716,2.763713391,5.710003426,2.437343758,1.6101,2.425730086,,
Philippines,PHL,"Stocks traded, turnover ratio of domestic shares (%)",CM.MKT.TRNR,,,,,,,,,,,,,,,,,,,,,,,,,,,,,,,,,,,,,31.63153546,64.89034011,29.76428052,45.94524044,28.38365153,14.18502008,11.5767019,10.54918682,11.30550372,13.45003055,13.49795893,23.5625225,23.77191499,16.58309731,14.14267689,16.5791625,15.5610295,20.51761304,16.12171631,16.0866132,14.48903233,11.63532707,11.31636603,10.8952,12.0011823,,
Palau,PLW,"Stocks traded, turnover ratio of domestic shares (%)",CM.MKT.TRNR,,,,,,,,,,,,,,,,,,,,,,,,,,,,,,,,,,,,,,,,,,,,,,,,,,,,,,,,,,,,,,,
Papua New Guinea,PNG,"Stocks traded, turnover ratio of domestic shares (%)",CM.MKT.TRNR,,,,,,,,,,,,,,,,,,,,,,,,,,,,,,,,,,,,,,,,,,,,0.079660834,0.104312907,0.278410859,0.321008219,0.414479628,0.581844589,0.160841469,0.242580879,0.57621829,,,2.0695,1.0331,3.8857,0.0535,,,,,
Poland,POL,"Stocks traded, turnover ratio of domestic shares (%)",CM.MKT.TRNR,,,,,,,,,,,,,,,,,,,,,,,,,,,,,,,,,,,,60.6700831,66.20498251,61.1852737,43.36514838,36.33052381,65.40902198,39.11671949,11.42523211,20.97232138,25.24483953,27.90786539,35.76356914,42.60880578,56.91643573,37.51174885,36.41177092,52.85151503,33.94904457,35.50006099,34.21913877,38.19984789,35.05819203,33.66000054,34.11470023,33.2375,47.00532043,,
Pre-demographic dividend,PRE,"Stocks traded, turnover ratio of domestic shares (%)",CM.MKT.TRNR,,,,,,,,,,,,,,,,,,,,,,,,,,,,,,,,,,,3.932046713,1.78805832,2.807414535,4.086973858,5.416713706,4.141002109,6.52421672,2.532553801,1.994812929,3.638198925,4.799271559,7.448673854,9.852481986,17.04832251,28.1300536,10.49914663,8.376912592,8.891617532,,,7.505260739,7.467633888,5.338494773,5.867925418,8.204811877,5.407140883,3.715472812,,
Puerto Rico,PRI,"Stocks traded, turnover ratio of domestic shares (%)",CM.MKT.TRNR,,,,,,,,,,,,,,,,,,,,,,,,,,,,,,,,,,,,,,,,,,,,,,,,,,,,,,,,,,,,,,,
"Korea, Dem. People's Rep.",PRK,"Stocks traded, turnover ratio of domestic shares (%)",CM.MKT.TRNR,,,,,,,,,,,,,,,,,,,,,,,,,,,,,,,,,,,,,,,,,,,,,,,,,,,,,,,,,,,,,,,
Portugal,PRT,"Stocks traded, turnover ratio of domestic shares (%)",CM.MKT.TRNR,,,,,,,,,,,,,,,,,,,,,,,,,,,,,,,,,,,,,,51.05238351,79.77829844,56.00005224,91.60154573,58.88513074,52.65446542,41.0079894,52.84269533,53.34361105,63.38304892,103.9044896,110.2100557,45.56839279,65.43109662,57.78186669,40.34880548,49.22195461,81.01309599,,,,,,,,
Paraguay,PRY,"Stocks traded, turnover ratio of domestic shares (%)",CM.MKT.TRNR,,,,,,,,,,,,,,,,,,,,,,,,,,,,,,,,,,,,,7.67404655,4.580855282,4.180301047,3.823529412,,,,,,,,,,,,,,,,,,,,,,,
West Bank and Gaza,PSE,"Stocks traded, turnover ratio of domestic shares (%)",CM.MKT.TRNR,,,,,,,,,,,,,,,,,,,,,,,,,,,,,,,,,,,,,,,,17.70155399,29.60494372,10.32167395,7.641926616,8.966130361,18.29513005,29.82119304,23.89622212,36.2537144,47.04816101,17.42599017,15.26348014,10.87055745,8.496261113,7.401123333,11.10389488,9.594513656,13.66759311,12.0534808,9.464459747,7.2892,5.51479441,,
Pacific island small states,PSS,"Stocks traded, turnover ratio of domestic shares (%)",CM.MKT.TRNR,,,,,,,,,,,,,,,,,,,,,,,,,,,,,,,,,,,,,,,,,,,,,,,,,,,,,,,,,,,,,,,
Post-demographic dividend,PST,"Stocks traded, turnover ratio of domestic shares (%)",CM.MKT.TRNR,,,,,,,,,,,,,,,,,,,,,,,,,55.63725314,52.8870704,65.34298873,91.16172732,64.90471159,60.71789977,59.13981654,42.72056159,44.50527815,51.72631564,55.59680672,55.50918159,60.12583195,73.64018483,86.47434179,93.98638248,145.2309229,124.5386756,122.2959878,92.80458698,96.55709758,113.5123664,119.7143914,160.2557024,278.0549075,151.5692807,140.9838328,171.7070617,117.7142468,101.1349158,111.7558107,130.1373302,86.84334856,96.49352025,100.636611,,,,
French Polynesia,PYF,"Stocks traded, turnover ratio of domestic shares (%)",CM.MKT.TRNR,,,,,,,,,,,,,,,,,,,,,,,,,,,,,,,,,,,,,,,,,,,,,,,,,,,,,,,,,,,,,,,
Qatar,QAT,"Stocks traded, turnover ratio of domestic shares (%)",CM.MKT.TRNR,,,,,,,,,,,,,,,,,,,,,,,,,,,,,,,,,,,,,,,,,,,,,,,,31.34886265,62.96371502,,,,,13.47825281,29.44669512,16.94217154,12.64691511,14.03427946,11.6408257,8.3356,14.01163333,,
Romania,ROU,"Stocks traded, turnover ratio of domestic shares (%)",CM.MKT.TRNR,,,,,,,,,,,,,,,,,,,,,,,,,,,,,,,,,,,,,,,42.41846378,32.19420447,15.53643586,9.473302511,5.745279229,6.484866294,7.553812477,8.964461743,6.358874213,9.095706422,8.086371509,12.61863219,11.81334796,20.89394406,,,6.927,9.4907,9.5228,9.9545,11.6758,7.8303,11.49770432,,
Russian Federation,RUS,"Stocks traded, turnover ratio of domestic shares (%)",CM.MKT.TRNR,,,,,,,,,,,,,,,,,,,,,,,,,,,,,,,,,,,,,,,,,,,,,,,,,,67.00353363,53.28018504,70.73296229,41.23336882,30.55964925,41.44303006,29.83351853,25.73143529,23.1447089,25.54522484,22.8322,39.8126284,,
Rwanda,RWA,"Stocks traded, turnover ratio of domestic shares (%)",CM.MKT.TRNR,,,,,,,,,,,,,,,,,,,,,,,,,,,,,,,,,,,,,,,,,,,,,,,,,,,,,,,,,,,,0.00155,,,
South Asia,SAS,"Stocks traded, turnover ratio of domestic shares (%)",CM.MKT.TRNR,,,,,,,,,,,,,,,,,,,,,,,,,,,,,,,,,,,1.02209273,2.393366892,36.63465755,68.65998611,140.580263,244.4381201,327.8998144,167.2622613,113.4721313,90.92988293,90.07581412,93.83976613,81.82560718,58.51096041,131.4074163,74.97802514,58.3291629,56.89605242,45.35481596,44.64383864,43.83025244,44.5721022,44.9514123,46.23523901,55.26454861,54.81196552,72.77424123,,
Saudi Arabia,SAU,"Stocks traded, turnover ratio of domestic shares (%)",CM.MKT.TRNR,,,,,,,,,,,,,,,,,,,,,,,,,,,,,,,,,,,,,,,,,,,,,,,,,,105.1379007,56.93419638,86.00143139,136.9075627,77.54148154,117.4443913,103.771678,77.47641953,48.38078469,46.25288403,9.1732,19.98347892,,
Sudan,SDN,"Stocks traded, turnover ratio of domestic shares (%)",CM.MKT.TRNR,,,,,,,,,,,,,,,,,,,,,,,,,,,,,,,,,,,,,,,,,,,,,,,,,,,,,,,,,,,,,,,
Senegal,SEN,"Stocks traded, turnover ratio of domestic shares (%)",CM.MKT.TRNR,,,,,,,,,,,,,,,,,,,,,,,,,,,,,,,,,,,,,,,,,,,,,,,,,,,,,,,,,,,,,,,
Singapore,SGP,"Stocks traded, turnover ratio of domestic shares (%)",CM.MKT.TRNR,,,,,,,,,,,,,,,,,,,,7.810588454,14.93043426,18.31982337,20.61783618,35.9901941,31.37710254,13.05968059,16.13537906,40.40105589,19.24901829,39.29019491,61.48387003,37.99623477,38.63582487,62.91520041,66.28517733,43.20972156,40.15820472,70.98691491,61.59769576,55.65588381,62.26220978,61.45255453,62.1249341,63.52514002,50.94918807,45.3188695,48.37135381,70.71684468,95.49165882,52.74468376,47.24728245,45.91323823,34.08115037,37.44362254,26.64696424,30.94439164,31.92885912,27.89589906,31.94222272,16.3787,,,
Solomon Islands,SLB,"Stocks traded, turnover ratio of domestic shares (%)",CM.MKT.TRNR,,,,,,,,,,,,,,,,,,,,,,,,,,,,,,,,,,,,,,,,,,,,,,,,,,,,,,,,,,,,,,,
Sierra Leone,SLE,"Stocks traded, turnover ratio of domestic shares (%)",CM.MKT.TRNR,,,,,,,,,,,,,,,,,,,,,,,,,,,,,,,,,,,,,,,,,,,,,,,,,,,,,,,,,,,,,,,
El Salvador,SLV,"Stocks traded, turnover ratio of domestic shares (%)",CM.MKT.TRNR,,,,,,,,,,,,,,,,,,,,,,,,,,,,,,,,,,,,,,,,,,,,,,,,,,,,,,,,,,,,,,,
San Marino,SMR,"Stocks traded, turnover ratio of domestic shares (%)",CM.MKT.TRNR,,,,,,,,,,,,,,,,,,,,,,,,,,,,,,,,,,,,,,,,,,,,,,,,,,,,,,,,,,,,,,,
Somalia,SOM,"Stocks traded, turnover ratio of domestic shares (%)",CM.MKT.TRNR,,,,,,,,,,,,,,,,,,,,,,,,,,,,,,,,,,,,,,,,,,,,,,,,,,,,,,,,,,,,,,,
Serbia,SRB,"Stocks traded, turnover ratio of domestic shares (%)",CM.MKT.TRNR,,,,,,,,,,,,,,,,,,,,,,,,,,,,,,,,,,,,,,,,,,,,39.36842843,13.42893954,9.696695971,10.29277899,10.44807984,7.741546744,4.763977054,7.550332343,9.434902036,,,,,,,,,,,
Sub-Saharan Africa (excluding high income),SSA,"Stocks traded, turnover ratio of domestic shares (%)",CM.MKT.TRNR,,,,,,,,,,,,,,,,,3.771558343,3.477915445,3.535326279,4.728056358,9.293216529,3.476876884,3.331916042,4.127173131,3.432153912,4.382529841,5.050733143,7.132591259,3.491194452,5.087504931,6.02461249,4.373851884,4.41501093,3.64562399,5.160642662,5.600528883,10.62360952,17.56042984,29.95999757,26.5408495,34.04043357,23.56038337,25.63885263,18.39422458,18.56143835,19.48858454,23.3735915,29.59276869,39.98610046,25.59225851,28.32231566,27.01909134,24.80943858,24.45206444,24.60500549,29.74360705,36.1766443,24.98902058,33.01373977,31.54662664,26.17779675,,
South Sudan,SSD,"Stocks traded, turnover ratio of domestic shares (%)",CM.MKT.TRNR,,,,,,,,,,,,,,,,,,,,,,,,,,,,,,,,,,,,,,,,,,,,,,,,,,,,,,,,,,,,,,,
Sub-Saharan Africa,SSF,"Stocks traded, turnover ratio of domestic shares (%)",CM.MKT.TRNR,,,,,,,,,,,,,,,,,3.771558343,3.477915445,3.535326279,4.728056358,9.293216529,3.476876884,3.331916042,4.127173131,3.432153912,4.382529841,5.050733143,7.132591259,3.491194452,5.087504931,6.02461249,4.373851884,4.41501093,3.64562399,5.160642662,5.600528883,10.62360952,17.56042984,29.95999757,26.5408495,34.04043357,23.56038337,25.63885263,18.39422458,18.56143835,19.48858454,23.3735915,29.59276869,39.98610046,25.59225851,28.32231566,27.01909134,24.80943858,24.45206444,24.60500549,29.74360705,36.1766443,24.98902058,33.01373977,31.54662664,26.17779675,,
Small states,SST,"Stocks traded, turnover ratio of domestic shares (%)",CM.MKT.TRNR,,,,,,,,,,,,,,,,,,,,,,,,,,,,,,,,,,,7.260990398,4.747376789,12.34779901,12.60774163,8.10557938,4.306528753,3.461279894,3.427462891,,3.082138548,2.930914346,4.111382545,5.984767461,10.80786828,45.09038793,6.648798988,4.870764724,4.125664947,4.394954235,2.791255246,26.85260312,14.33971971,10.6213129,11.4307056,9.550531718,6.919896757,10.6887847,,
Sao Tome and Principe,STP,"Stocks traded, turnover ratio of domestic shares (%)",CM.MKT.TRNR,,,,,,,,,,,,,,,,,,,,,,,,,,,,,,,,,,,,,,,,,,,,,,,,,,,,,,,,,,,,,,,
Suriname,SUR,"Stocks traded, turnover ratio of domestic shares (%)",CM.MKT.TRNR,,,,,,,,,,,,,,,,,,,,,,,,,,,,,,,,,,,,,,,,,,,,,,,,,,,,,,,,,,,,,,,
Slovak Republic,SVK,"Stocks traded, turnover ratio of domestic shares (%)",CM.MKT.TRNR,,,,,,,,,,,,,,,,,,,,,,,,,,,,,,,,,,,,,,,,2.449538482,2.781783175,4.102309852,2.302648948,1.400338745,0.804286757,0.071392775,0.049510412,0.452478866,0.391742921,3.430600453,7.413682627,8.337783245,1.4256,0.9606,0.1904,,,,,,,,
Slovenia,SVN,"Stocks traded, turnover ratio of domestic shares (%)",CM.MKT.TRNR,,,,,,,,,,,,,,,,,,,,,,,,,,,,,,,,,,,,,,27.71178127,27.00398334,29.72564821,20.61071411,27.89942478,16.61055236,7.011927173,7.970188523,6.0268038,6.958156998,10.17532334,11.46093145,8.507263041,5.133878144,8.095341977,6.176359298,5.787810219,9.785939229,6.040275129,6.246712816,6,,1.8924,5.468985802,,
Sweden,SWE,"Stocks traded, turnover ratio of domestic shares (%)",CM.MKT.TRNR,,,,,,,,,,,,,,,,4.954522934,4.846135207,4.92044405,4.1467966,19.31696095,13.91510731,21.31477205,24.81186229,32.55880234,32.99125032,28.95711062,26.71292867,27.83343815,18.72251635,15.12460709,17.02466366,21.15773173,36.43758452,40.40180233,74.19680097,57.56217665,54.2758393,57.73252047,71.67694113,57.54936573,115.4478797,126.7907462,103.6008512,68.45541528,,,,,,,,,,,,,,,,,,,
Eswatini,SWZ,"Stocks traded, turnover ratio of domestic shares (%)",CM.MKT.TRNR,,,,,,,,,,,,,,,,,,,,,,,,,,,,,,,,,,,0.620200827,0.112140707,78.89810904,276.0080334,236.5945437,0.158177792,0.28755306,6.687647522,0.121810922,0.029027576,0.018014772,0.015280395,0.030379747,1.511141467,,,,,,,,,,,,,,,
Sint Maarten (Dutch part),SXM,"Stocks traded, turnover ratio of domestic shares (%)",CM.MKT.TRNR,,,,,,,,,,,,,,,,,,,,,,,,,,,,,,,,,,,,,,,,,,,,,,,,,,,,,,,,,,,,,,,
Seychelles,SYC,"Stocks traded, turnover ratio of domestic shares (%)",CM.MKT.TRNR,,,,,,,,,,,,,,,,,,,,,,,,,,,,,,,,,,,,,,,,,,,,,,,,,,,,,,,,,,,,0.9345,,,
Syrian Arab Republic,SYR,"Stocks traded, turnover ratio of domestic shares (%)",CM.MKT.TRNR,,,,,,,,,,,,,,,,,,,,,,,,,,,,,,,,,,,,,,,,,,,,,,,,,,,,,,,,,,,,,,,
Turks and Caicos Islands,TCA,"Stocks traded, turnover ratio of domestic shares (%)",CM.MKT.TRNR,,,,,,,,,,,,,,,,,,,,,,,,,,,,,,,,,,,,,,,,,,,,,,,,,,,,,,,,,,,,,,,
Chad,TCD,"Stocks traded, turnover ratio of domestic shares (%)",CM.MKT.TRNR,,,,,,,,,,,,,,,,,,,,,,,,,,,,,,,,,,,,,,,,,,,,,,,,,,,,,,,,,,,,,,,
East Asia & Pacific (IDA & IBRD countries),TEA,"Stocks traded, turnover ratio of domestic shares (%)",CM.MKT.TRNR,,,,,,,,,,,,,,,,,,,,,,,8.81974634,13.21623592,11.14600709,9.932172528,7.863413728,20.87914195,10.85707024,16.64177762,40.49622285,30.36305228,61.9421995,29.86438458,28.83878636,33.7045785,12.69383538,58.35794694,38.50800275,39.65196521,47.67831922,31.67404486,35.89735067,43.31678865,85.92329217,68.56818694,75.85782297,121.3833149,192.3553437,184.6805035,169.61019,156.1800197,107.0389236,152.4132287,160.820153,402.8059663,216.4000643,168.3907437,173.5931811,178.3087981,225.7360305,,
Europe & Central Asia (IDA & IBRD countries),TEC,"Stocks traded, turnover ratio of domestic shares (%)",CM.MKT.TRNR,,,,,,,,,,,,,,,,,,,,,,,,,,,,,,,,,,,100.1876389,237.6709736,102.9591638,65.746371,130.382985,52.69535015,190.263064,100.1676808,107.4992577,84.30546864,87.30097933,74.24387409,74.67781355,62.89234468,97.421442,75.04353888,63.75268971,83.68195978,55.39788086,63.08595351,64.22573844,69.90217205,54.99484148,50.66284719,65.06579375,47.99400891,95.24952367,,
Togo,TGO,"Stocks traded, turnover ratio of domestic shares (%)",CM.MKT.TRNR,,,,,,,,,,,,,,,,,,,,,,,,,,,,,,,,,,,,,,,,,,,,,,,,,,,,,,,,,,,,,,,
Thailand,THA,"Stocks traded, turnover ratio of domestic shares (%)",CM.MKT.TRNR,,,,,,,,,,,,,,,,,,,,,,,,,,,,,,55.10793561,76.93740576,50.96259171,124.7339219,67.98542915,63.75650442,41.99798272,6.901557034,77.14269859,66.18674938,65.24898757,66.16303983,86.38865565,90.71746092,87.84417714,101.340233,72.50275578,69.21285251,57.19651806,102.840415,71.55530748,80.08845874,80.17880968,61.28225451,98.74274678,72.17021736,77.78619207,80.92072679,61.86799734,77.19412367,64.4918,88.61015611,,
Tajikistan,TJK,"Stocks traded, turnover ratio of domestic shares (%)",CM.MKT.TRNR,,,,,,,,,,,,,,,,,,,,,,,,,,,,,,,,,,,,,,,,,,,,,,,,,,,,,,,,,,,,,,,
Turkmenistan,TKM,"Stocks traded, turnover ratio of domestic shares (%)",CM.MKT.TRNR,,,,,,,,,,,,,,,,,,,,,,,,,,,,,,,,,,,,,,,,,,,,,,,,,,,,,,,,,,,,,,,
Latin America & the Caribbean (IDA & IBRD countries),TLA,"Stocks traded, turnover ratio of domestic shares (%)",CM.MKT.TRNR,,,,,,,,,,,,,,,,,,,19.60565891,108.4728816,79.0967574,133.9889469,35.94431758,24.84467038,42.26030481,61.59569812,56.60973896,97.16646548,66.92447912,45.52083727,43.0668244,29.94141392,33.00699346,37.79377176,74.63625075,37.44216561,31.83734281,32.13451009,29.14776831,18.32235926,25.30670984,30.33926025,22.10224943,20.96625132,25.7500958,26.94099308,29.42546381,36.94926331,67.1935917,37.60497319,41.45867861,45.37183858,43.2704171,45.61042657,45.07466322,46.36205337,42.23445528,40.04737104,50.04903587,53.99646074,,,
Timor-Leste,TLS,"Stocks traded, turnover ratio of domestic shares (%)",CM.MKT.TRNR,,,,,,,,,,,,,,,,,,,,,,,,,,,,,,,,,,,,,,,,,,,,,,,,,,,,,,,,,,,,,,,
Middle East & North Africa (IDA & IBRD countries),TMN,"Stocks traded, turnover ratio of domestic shares (%)",CM.MKT.TRNR,,,,,,,,,,,,,,,,,9.677419355,5.295291123,8.976840152,,,,,,,,,,,,,,,,15.42989654,6.053025094,9.67038141,8.732117932,7.038097414,7.75896519,16.10323092,19.95375341,14.10588386,13.8499582,25.54712789,19.67126371,14.7503123,35.98048168,82.09023086,54.56107759,31.08840538,16.17304528,16.27688818,13.16403914,20.56835933,13.79505647,18.14617212,12.92659459,17.37743631,19.90781221,34.72812991,,
Tonga,TON,"Stocks traded, turnover ratio of domestic shares (%)",CM.MKT.TRNR,,,,,,,,,,,,,,,,,,,,,,,,,,,,,,,,,,,,,,,,,,,,,,,,,,,,,,,,,,,,,,,
South Asia (IDA & IBRD),TSA,"Stocks traded, turnover ratio of domestic shares (%)",CM.MKT.TRNR,,,,,,,,,,,,,,,,,,,,,,,,,,,,,,,,,,,1.02209273,2.393366892,36.63465755,68.65998611,140.580263,244.4381201,327.8998144,167.2622613,113.4721313,90.92988293,90.07581412,93.83976613,81.82560718,58.51096041,131.4074163,74.97802514,58.3291629,56.89605242,45.35481596,44.64383864,43.83025244,44.5721022,44.9514123,46.23523901,55.26454861,54.81196552,72.77424123,,
Sub-Saharan Africa (IDA & IBRD countries),TSS,"Stocks traded, turnover ratio of domestic shares (%)",CM.MKT.TRNR,,,,,,,,,,,,,,,,,3.771558343,3.477915445,3.535326279,4.728056358,9.293216529,3.476876884,3.331916042,4.127173131,3.432153912,4.382529841,5.050733143,7.132591259,3.491194452,5.087504931,6.02461249,4.373851884,4.41501093,3.64562399,5.160642662,5.600528883,10.62360952,17.56042984,29.95999757,26.5408495,34.04043357,23.56038337,25.63885263,18.39422458,18.56143835,19.48858454,23.3735915,29.59276869,39.98610046,25.59225851,28.32231566,27.01909134,24.80943858,24.45206444,24.60500549,29.74360705,36.1766443,24.98902058,33.01373977,31.54662664,26.17779675,,
Trinidad and Tobago,TTO,"Stocks traded, turnover ratio of domestic shares (%)",CM.MKT.TRNR,,,,,,,,,,,,,,,,,,,,,,,,,,,,,,,,,,,,,,,,,4.06904803,4.270911008,,,,,,,,,,,,,,,,,,,,,
Tunisia,TUN,"Stocks traded, turnover ratio of domestic shares (%)",CM.MKT.TRNR,,,,,,,,,,,,,,,,,,,,,,,,,,,,,,,,,,,,16.62305809,5.350848746,8.795683736,7.449560031,,,,,,,,,,,,17.23291378,10.8740764,,,,,,,,5.3823,,,
Turkiye,TUR,"Stocks traded, turnover ratio of domestic shares (%)",CM.MKT.TRNR,,,,,,,,,,,,,,,,,,,,,,,,,,,,,,,,,,43.69823687,100.2866921,244.9903041,119.533647,71.50704403,169.9191484,60.31910865,238.080404,135.735727,188.5788108,143.5057547,149.0993713,124.8316783,140.7739022,114.1534148,188.1505319,134.9812594,133.3302551,183.2180233,113.8734907,191.1925596,168.2478034,185.1536644,168.5964753,165.7613576,247.7566825,187.942,365.7664797,,
Tuvalu,TUV,"Stocks traded, turnover ratio of domestic shares (%)",CM.MKT.TRNR,,,,,,,,,,,,,,,,,,,,,,,,,,,,,,,,,,,,,,,,,,,,,,,,,,,,,,,,,,,,,,,
Tanzania,TZA,"Stocks traded, turnover ratio of domestic shares (%)",CM.MKT.TRNR,,,,,,,,,,,,,,,,,,,,,,,,,,,,,,,,,,,,,,,,0.023338585,2.073613271,1.791007285,,,,,,,,,,,,,,,,,,,0.285715167,,
Uganda,UGA,"Stocks traded, turnover ratio of domestic shares (%)",CM.MKT.TRNR,,,,,,,,,,,,,,,,,,,,,,,,,,,,,,,,,,,,,,,,,,,,,,,,,,,,,,,,,,,,,,,
Ukraine,UKR,"Stocks traded, turnover ratio of domestic shares (%)",CM.MKT.TRNR,,,,,,,,,,,,,,,,,,,,,,,,,,,,,,,,,,,,,,,,,,,,,,,,,,,7.297917084,4.590696365,,,,,,,,,,,
Upper middle income,UMC,"Stocks traded, turnover ratio of domestic shares (%)",CM.MKT.TRNR,,,,,,,,,,,,,,,,,3.771558343,3.477915445,4.268013123,14.73498807,16.06255499,10.70322836,5.077608563,6.475463112,7.077775108,9.642835292,8.776124343,14.10856011,9.752363379,12.06192308,20.9634082,17.41270186,31.43882265,26.45091881,41.38271965,32.68219957,20.96353814,42.39373518,46.63114918,32.73156028,62.89552674,39.5419078,38.72587613,36.24684735,60.74297026,48.75649128,54.22366872,88.27480439,147.1104497,127.8973181,115.0169328,112.8061825,80.94750159,110.2879298,124.5352268,324.2271884,181.0620971,138.034038,144.6472752,146.7563228,199.9255703,,
Uruguay,URY,"Stocks traded, turnover ratio of domestic shares (%)",CM.MKT.TRNR,,,,,,,,,,,,,,,,,,,,,,,,,,,,,,,,,,,,0.043062348,0.19379845,,,,,,,,,,,,,,,,,,,,,,,,,,
United States,USA,"Stocks traded, turnover ratio of domestic shares (%)",CM.MKT.TRNR,,,,,,,,,,,,,,,,,,,,,,,,,69.18292228,63.83631949,85.96411297,113.6346079,70.68861217,69.23149838,65.69032586,51.44352027,55.66511301,65.40392723,71.01846706,74.49095846,82.13546918,86.02992644,95.22275583,127.3278164,197.1309012,149.3426659,154.262692,112.4686992,117.0267341,151.71106,156.2768664,215.0987522,407.6304011,227.536848,208.438562,262.4276966,173.2852353,138.3293367,148.0280076,165.1478471,94.7188501,116.0784691,108.5126363,,,,
Uzbekistan,UZB,"Stocks traded, turnover ratio of domestic shares (%)",CM.MKT.TRNR,,,,,,,,,,,,,,,,,,,,,,,,,,,,,,,,,,,,,,,,,,,,,,,,,,,,,,,,,,,,,,,
St. Vincent and the Grenadines,VCT,"Stocks traded, turnover ratio of domestic shares (%)",CM.MKT.TRNR,,,,,,,,,,,,,,,,,,,,,,,,,,,,,,,,,,,,,,,,,,,,,,,,,,,,,,,,,,,,,,,
"Venezuela, RB",VEN,"Stocks traded, turnover ratio of domestic shares (%)",CM.MKT.TRNR,,,,,,,,,,,,,,,,,,,,,,,,,,,,,,,,,,20.42893586,19.23334483,7.68834042,12.58106059,24.86504318,20.49530237,12.66758343,26.94320988,18.45297468,2.231380038,,,,,,,,,,,,,,,,,,,,
British Virgin Islands,VGB,"Stocks traded, turnover ratio of domestic shares (%)",CM.MKT.TRNR,,,,,,,,,,,,,,,,,,,,,,,,,,,,,,,,,,,,,,,,,,,,,,,,,,,,,,,,,,,,,,,
Virgin Islands (U.S.),VIR,"Stocks traded, turnover ratio of domestic shares (%)",CM.MKT.TRNR,,,,,,,,,,,,,,,,,,,,,,,,,,,,,,,,,,,,,,,,,,,,,,,,,,,,,,,,,,,,,,,
Viet Nam,VNM,"Stocks traded, turnover ratio of domestic shares (%)",CM.MKT.TRNR,,,,,,,,,,,,,,,,,,,,,,,,,,,,,,,,,,,,,,,,,,,,,,,,,82.09445983,99.10680432,83.72403779,44.38863017,,30.94460736,56.96158475,40.42963193,36.89327277,35.01569054,39.8059055,22.2989,30.56785622,,
Vanuatu,VUT,"Stocks traded, turnover ratio of domestic shares (%)",CM.MKT.TRNR,,,,,,,,,,,,,,,,,,,,,,,,,,,,,,,,,,,,,,,,,,,,,,,,,,,,,,,,,,,,,,,
World,WLD,"Stocks traded, turnover ratio of domestic shares (%)",CM.MKT.TRNR,,,,,,,,,,,,,,,,,,,,,,,,,54.16731117,51.90896665,64.18588956,89.46782522,63.79321815,59.79628343,68.90652526,44.76850469,45.80086699,51.77446852,58.17577922,55.98415844,59.21381091,76.3582849,87.90456195,93.63469451,144.3904878,121.8319199,119.9782274,90.77721477,94.6301911,108.3222311,112.9331901,146.9295306,249.6046777,142.8757071,129.9334082,152.3801439,106.7909758,98.74143178,109.1540186,158.7900078,101.6794525,100.0340684,104.3815199,,,,
Samoa,WSM,"Stocks traded, turnover ratio of domestic shares (%)",CM.MKT.TRNR,,,,,,,,,,,,,,,,,,,,,,,,,,,,,,,,,,,,,,,,,,,,,,,,,,,,,,,,,,,,,,,
Kosovo,XKX,"Stocks traded, turnover ratio of domestic shares (%)",CM.MKT.TRNR,,,,,,,,,,,,,,,,,,,,,,,,,,,,,,,,,,,,,,,,,,,,,,,,,,,,,,,,,,,,,,,
"Yemen, Rep.",YEM,"Stocks traded, turnover ratio of domestic shares (%)",CM.MKT.TRNR,,,,,,,,,,,,,,,,,,,,,,,,,,,,,,,,,,,,,,,,,,,,,,,,,,,,,,,,,,,,,,,
South Africa,ZAF,"Stocks traded, turnover ratio of domestic shares (%)",CM.MKT.TRNR,,,,,,,,,,,,,,,,3.709429669,3.771558343,3.477915445,3.535326279,4.728056358,9.293216529,3.476876884,3.331916042,4.127173131,3.432153912,4.382529841,5.050733143,7.132591259,3.491194452,5.087504931,6.02461249,4.373851884,4.41501093,3.64562399,5.146645339,5.749282831,11.03058089,18.28771762,32.2085262,28.03535267,34.50884845,23.97908261,26.20152849,18.81458696,18.92986007,20.26418,24.42798297,31.11918357,41.97999967,27.22243738,29.9699078,28.6210853,24.99264644,24.63379899,26.30779993,31.79427076,38.36801946,25.73784596,34.09257047,33.1328,27.94333427,,
Zambia,ZMB,"Stocks traded, turnover ratio of domestic shares (%)",CM.MKT.TRNR,,,,,,,,,,,,,,,,,,,,,,,,,,,,,,,,,,,,0.051406674,1.225524073,1.59435598,0.458314383,2.080134532,,1.666666667,,0.862833322,0.132728882,0.441050256,0.407781722,,,,,0.643749195,,,,,,,,,,,
Zimbabwe,ZWE,"Stocks traded, turnover ratio of domestic shares (%)",CM.MKT.TRNR,,,,,,,,,,,,,,,,,,,,,,,,,,,,,,,,,,3.491202448,10.26051866,6.546171541,6.444429764,16.21690269,8.394607202,8.174942801,,,,,,,,,,,,,,,,,,,,,,,
